Workbook
Name R_: Checks!$A$69:$O$71
Name R_: E_Final_2000!$A$62:$M$64
Name R_: X_Final_2000!$A$68:$O$70
Name r_EIOU: Checks!$AD$2:$AO$16
Name r_EIOU: E_Final_2000!$AB$1:$AK$13
Name r_EIOU: X_Final_2000!$AD$1:$AM$15
Name S_units: Checks!$A$2:$B$16
Name S_units: E_Final_2000!$A$1:$B$13
Name S_units: X_Final_2000!$A$1:$B$15
Name U: Checks!$R$38:$AA$52
Name U: E_Final_2000!$P$33:$Y$45
Name U: X_Final_2000!$R$37:$AA$51
Name U_EIOU: Checks!$R$2:$AA$16
Name U_EIOU: E_Final_2000!$P$1:$Y$13
Name U_EIOU: X_Final_2000!$R$1:$AA$15
Name U_feed: Checks!$R$20:$AA$34
Name U_feed: E_Final_2000!$P$17:$Y$29
Name U_feed: X_Final_2000!$R$19:$AA$33
Name V: Checks!$A$56:$O$65
Name V: E_Final_2000!$A$49:$M$58
Name V: X_Final_2000!$A$55:$O$64
Name Y: Checks!$AD$38:$AF$52
Name Y: E_Final_2000!$AB$33:$AD$45
Name Y: X_Final_2000!$AD$37:$AH$51

Sheet E_Final_2000
B1: ktoe | Q1: Crude dist. | R1: Diesel dist. | S1: Elect. grid | T1: Gas wells & proc. | U1: NG dist. | V1: Oil fields | W1: Oil refineries | X1: Petrol dist. | Y1: Power plants | AC1: Crude dist. | AD1: Diesel dist. | AE1: Elect. grid | AF1: Gas wells & proc. | AG1: NG dist. | AH1: Oil fields | AI1: Oil refineries | AJ1: Petrol dist. | AK1: Power plants
A2: Crude | B2: 1 | P2: Crude | Q2: 0 | R2: 0 | S2: 0 | T2: 0 | U2: 0 | V2: 0 | W2: 0 | X2: 0 | Y2: 0 | AB2: Crude | AC2: 0 | AD2: 0 | AE2: 0 | AF2: 0 | AG2: 0 | AH2: 0 | AI2: 0 | AJ2: 0 | AK2: 0
A3: Crude [from Dist.] | B3: 1 | P3: Crude [from Dist.] | Q3: 500 | R3: 0 | S3: 0 | T3: 0 | U3: 0 | V3: 0 | W3: 0 | X3: 0 | Y3: 0 | AB3: Crude [from Dist.] | AC3: 1 | AD3: 0 | AE3: 0 | AF3: 0 | AG3: 0 | AH3: 0 | AI3: 0 | AJ3: 0 | AK3: 0
A4: Crude [from Fields] | B4: 1 | P4: Crude [from Fields] | Q4: 0 | R4: 0 | S4: 0 | T4: 0 | U4: 0 | V4: 2500 | W4: 0 | X4: 0 | Y4: 0 | AB4: Crude [from Fields] | AC4: 0 | AD4: 0 | AE4: 0 | AF4: 0 | AG4: 0 | AH4: 1 | AI4: 0 | AJ4: 0 | AK4: 0
A5: Diesel | B5: 1 | P5: Diesel | Q5: 0 | R5: 0 | S5: 0 | T5: 0 | U5: 0 | V5: 0 | W5: 5000 | X5: 0 | Y5: 0 | AB5: Diesel | AC5: 0 | AD5: 0 | AE5: 0 | AF5: 0 | AG5: 0 | AH5: 0 | AI5: 1 | AJ5: 0 | AK5: 0
A6: Diesel [from Dist.] | B6: 1 | P6: Diesel [from Dist.] | Q6: 25 | R6: 350 | S6: 0 | T6: 50 | U6: 25 | V6: 50 | W6: 0 | X6: 250 | Y6: 0 | AB6: Diesel [from Dist.] | AC6: 1 | AD6: 1 | AE6: 0 | AF6: 1 | AG6: 1 | AH6: 1 | AI6: 0 | AJ6: 1 | AK6: 0
A7: Elect | B7: 1 | P7: Elect | Q7: 0 | R7: 0 | S7: 0 | T7: 0 | U7: 0 | V7: 0 | W7: 0 | X7: 0 | Y7: 0 | AB7: Elect | AC7: 0 | AD7: 0 | AE7: 0 | AF7: 0 | AG7: 0 | AH7: 0 | AI7: 0 | AJ7: 0 | AK7: 0
A8: Elect [from Grid] | B8: 1 | P8: Elect [from Grid] | Q8: 25 | R8: 0 | S8: 0 | T8: 25 | U8: 25 | V8: 25 | W8: 75 | X8: 0 | Y8: 100 | AB8: Elect [from Grid] | AC8: 1 | AD8: 0 | AE8: 0 | AF8: 1 | AG8: 1 | AH8: 1 | AI8: 1 | AJ8: 0 | AK8: 1
A9: NG | B9: 1 | P9: NG | Q9: 0 | R9: 0 | S9: 0 | T9: 0 | U9: 0 | V9: 0 | W9: 0 | X9: 0 | Y9: 0 | AB9: NG | AC9: 0 | AD9: 0 | AE9: 0 | AF9: 0 | AG9: 0 | AH9: 0 | AI9: 0 | AJ9: 0 | AK9: 0
A10: NG [from Dist.] | B10: 1 | P10: NG [from Dist.] | Q10: 0 | R10: 0 | S10: 0 | T10: 0 | U10: 0 | V10: 0 | W10: 0 | X10: 0 | Y10: 0 | AB10: NG [from Dist.] | AC10: 0 | AD10: 0 | AE10: 0 | AF10: 0 | AG10: 0 | AH10: 0 | AI10: 0 | AJ10: 0 | AK10: 0
A11: NG [from Wells] | B11: 1 | P11: NG [from Wells] | Q11: 0 | R11: 0 | S11: 0 | T11: 2000 | U11: 0 | V11: 0 | W11: 0 | X11: 0 | Y11: 0 | AB11: NG [from Wells] | AC11: 0 | AD11: 0 | AE11: 0 | AF11: 1 | AG11: 0 | AH11: 0 | AI11: 0 | AJ11: 0 | AK11: 0
A12: Petrol | B12: 1 | P12: Petrol | Q12: 0 | R12: 0 | S12: 0 | T12: 0 | U12: 0 | V12: 0 | W12: 0 | X12: 0 | Y12: 0 | AB12: Petrol | AC12: 0 | AD12: 0 | AE12: 0 | AF12: 0 | AG12: 0 | AH12: 0 | AI12: 0 | AJ12: 0 | AK12: 0
A13: Petrol [from Dist.] | B13: 1 | P13: Petrol [from Dist.] | Q13: 0 | R13: 0 | S13: 0 | T13: 0 | U13: 0 | V13: 0 | W13: 0 | X13: 500 | Y13: 0 | AB13: Petrol [from Dist.] | AC13: 0 | AD13: 0 | AE13: 0 | AF13: 0 | AG13: 0 | AH13: 0 | AI13: 0 | AJ13: 1 | AK13: 0
B14: S_units | Q14: U_EIOU | AC14: r_EIOU
Q17: Crude dist. | R17: Diesel dist. | S17: Elect. grid | T17: Gas wells & proc. | U17: NG dist. | V17: Oil fields | W17: Oil refineries | X17: Petrol dist. | Y17: Power plants
P18: Crude | Q18: 0 | R18: 0 | S18: 0 | T18: 0 | U18: 0 | V18: 50000 | W18: 0 | X18: 0 | Y18: 0
P19: Crude [from Dist.] | Q19: 0 | R19: 0 | S19: 0 | T19: 0 | U19: 0 | V19: 0 | W19: 47000 | X19: 0 | Y19: 0
P20: Crude [from Fields] | Q20: 47500 | R20: 0 | S20: 0 | T20: 0 | U20: 0 | V20: 0 | W20: 0 | X20: 0 | Y20: 0
P21: Diesel | Q21: 0 | R21: 15500 | S21: 0 | T21: 0 | U21: 0 | V21: 0 | W21: 0 | X21: 0 | Y21: 0
P22: Diesel [from Dist.] | Q22: 0 | R22: 0 | S22: 0 | T22: 0 | U22: 0 | V22: 0 | W22: 0 | X22: 0 | Y22: 0
P23: Elect | Q23: 0 | R23: 0 | S23: 6400 | T23: 0 | U23: 0 | V23: 0 | W23: 0 | X23: 0 | Y23: 0
P24: Elect [from Grid] | Q24: 0 | R24: 0 | S24: 0 | T24: 0 | U24: 0 | V24: 0 | W24: 0 | X24: 0 | Y24: 0
P25: NG | Q25: 0 | R25: 0 | S25: 0 | T25: 43000 | U25: 0 | V25: 0 | W25: 0 | X25: 0 | Y25: 0
P26: NG [from Dist.] | Q26: 0 | R26: 0 | S26: 0 | T26: 0 | U26: 0 | V26: 0 | W26: 0 | X26: 0 | Y26: 16000
P27: NG [from Wells] | Q27: 0 | R27: 0 | S27: 0 | T27: 0 | U27: 41000 | V27: 0 | W27: 0 | X27: 0 | Y27: 0
P28: Petrol | Q28: 0 | R28: 0 | S28: 0 | T28: 0 | U28: 0 | V28: 0 | W28: 0 | X28: 26500 | Y28: 0
P29: Petrol [from Dist.] | Q29: 0 | R29: 0 | S29: 0 | T29: 0 | U29: 0 | V29: 0 | W29: 0 | X29: 0 | Y29: 0
Q30: U_feed
Q33: Crude dist. | R33: Diesel dist. | S33: Elect. grid | T33: Gas wells & proc. | U33: NG dist. | V33: Oil fields | W33: Oil refineries | X33: Petrol dist. | Y33: Power plants | AC33: Residential | AD33: Transport
P34: Crude | Q34: 0 | R34: 0 | S34: 0 | T34: 0 | U34: 0 | V34: 50000 | W34: 0 | X34: 0 | Y34: 0 | AB34: Crude | AC34: 0 | AD34: 0
P35: Crude [from Dist.] | Q35: 500 | R35: 0 | S35: 0 | T35: 0 | U35: 0 | V35: 0 | W35: 47000 | X35: 0 | Y35: 0 | AB35: Crude [from Dist.] | AC35: 0 | AD35: 0
P36: Crude [from Fields] | Q36: 47500 | R36: 0 | S36: 0 | T36: 0 | U36: 0 | V36: 2500 | W36: 0 | X36: 0 | Y36: 0 | AB36: Crude [from Fields] | AC36: 0 | AD36: 0
P37: Diesel | Q37: 0 | R37: 15500 | S37: 0 | T37: 0 | U37: 0 | V37: 0 | W37: 5000 | X37: 0 | Y37: 0 | AB37: Diesel | AC37: 0 | AD37: 0
P38: Diesel [from Dist.] | Q38: 25 | R38: 350 | S38: 0 | T38: 50 | U38: 25 | V38: 50 | W38: 0 | X38: 250 | Y38: 0 | AB38: Diesel [from Dist.] | AC38: 0 | AD38: 14750
P39: Elect | Q39: 0 | R39: 0 | S39: 6400 | T39: 0 | U39: 0 | V39: 0 | W39: 0 | X39: 0 | Y39: 0 | AB39: Elect | AC39: 0 | AD39: 0
P40: Elect [from Grid] | Q40: 25 | R40: 0 | S40: 0 | T40: 25 | U40: 25 | V40: 25 | W40: 75 | X40: 0 | Y40: 100 | AB40: Elect [from Grid] | AC40: 6000 | AD40: 0
P41: NG | Q41: 0 | R41: 0 | S41: 0 | T41: 43000 | U41: 0 | V41: 0 | W41: 0 | X41: 0 | Y41: 0 | AB41: NG | AC41: 0 | AD41: 0
P42: NG [from Dist.] | Q42: 0 | R42: 0 | S42: 0 | T42: 0 | U42: 0 | V42: 0 | W42: 0 | X42: 0 | Y42: 16000 | AB42: NG [from Dist.] | AC42: 25000 | AD42: 0
P43: NG [from Wells] | Q43: 0 | R43: 0 | S43: 0 | T43: 2000 | U43: 41000 | V43: 0 | W43: 0 | X43: 0 | Y43: 0 | AB43: NG [from Wells] | AC43: 0 | AD43: 0
P44: Petrol | Q44: 0 | R44: 0 | S44: 0 | T44: 0 | U44: 0 | V44: 0 | W44: 0 | X44: 26500 | Y44: 0 | AB44: Petrol | AC44: 0 | AD44: 0
P45: Petrol [from Dist.] | Q45: 0 | R45: 0 | S45: 0 | T45: 0 | U45: 0 | V45: 0 | W45: 0 | X45: 500 | Y45: 0 | AB45: Petrol [from Dist.] | AC45: 0 | AD45: 26000
Q46: U | AC46: Y
B49: Crude | C49: Crude [from Dist.] | D49: Crude [from Fields] | E49: Diesel | F49: Diesel [from Dist.] | G49: Elect | H49: Elect [from Grid] | I49: NG | J49: NG [from Dist.] | K49: NG [from Wells] | L49: Petrol | M49: Petrol [from Dist.]
A50: Crude dist. | B50: 0 | C50: 47500 | D50: 0 | E50: 0 | F50: 0 | G50: 0 | H50: 0 | I50: 0 | J50: 0 | K50: 0 | L50: 0 | M50: 0
A51: Diesel dist. | B51: 0 | C51: 0 | D51: 0 | E51: 0 | F51: 15500 | G51: 0 | H51: 0 | I51: 0 | J51: 0 | K51: 0 | L51: 0 | M51: 0
A52: Elect. grid | B52: 0 | C52: 0 | D52: 0 | E52: 0 | F52: 0 | G52: 0 | H52: 6275 | I52: 0 | J52: 0 | K52: 0 | L52: 0 | M52: 0
A53: Gas wells & proc. | B53: 0 | C53: 0 | D53: 0 | E53: 0 | F53: 0 | G53: 0 | H53: 0 | I53: 0 | J53: 0 | K53: 43000 | L53: 0 | M53: 0
A54: NG dist. | B54: 0 | C54: 0 | D54: 0 | E54: 0 | F54: 0 | G54: 0 | H54: 0 | I54: 0 | J54: 41000 | K54: 0 | L54: 0 | M54: 0
A55: Oil fields | B55: 0 | C55: 0 | D55: 50000 | E55: 0 | F55: 0 | G55: 0 | H55: 0 | I55: 0 | J55: 0 | K55: 0 | L55: 0 | M55: 0
A56: Oil refineries | B56: 0 | C56: 0 | D56: 0 | E56: 20500 | F56: 0 | G56: 0 | H56: 0 | I56: 0 | J56: 0 | K56: 0 | L56: 26500 | M56: 0
A57: Petrol dist. | B57: 0 | C57: 0 | D57: 0 | E57: 0 | F57: 0 | G57: 0 | H57: 0 | I57: 0 | J57: 0 | K57: 0 | L57: 0 | M57: 26500
A58: Power plants | B58: 0 | C58: 0 | D58: 0 | E58: 0 | F58: 0 | G58: 6400 | H58: 0 | I58: 0 | J58: 0 | K58: 0 | L58: 0 | M58: 0
B59: V
B62: Crude | C62: Crude [from Dist.] | D62: Crude [from Fields] | E62: Diesel | F62: Diesel [from Dist.] | G62: Elect | H62: Elect [from Grid] | I62: NG | J62: NG [from Dist.] | K62: NG [from Wells] | L62: Petrol | M62: Petrol [from Dist.]
A63: Resources [of Crude] | B63: 50000 | C63: 0 | D63: 0 | E63: 0 | F63: 0 | G63: 0 | H63: 0 | I63: 0 | J63: 0 | K63: 0 | L63: 0 | M63: 0
A64: Resources [of NG] | B64: 0 | C64: 0 | D64: 0 | E64: 0 | F64: 0 | G64: 0 | H64: 0 | I64: 43000 | J64: 0 | K64: 0 | L64: 0 | M64: 0
B65: R

Sheet X_Final_2000
B1: ktoe | S1: Crude dist. | T1: Diesel dist. | U1: Elect. grid | V1: Gas wells & proc. | W1: NG dist. | X1: Oil fields | Y1: Oil refineries | Z1: Petrol dist. | AA1: Power plants | AE1: Crude dist. | AF1: Diesel dist. | AG1: Elect. grid | AH1: Gas wells & proc. | AI1: NG dist. | AJ1: Oil fields | AK1: Oil refineries | AL1: Petrol dist. | AM1: Power plants
A2: Crude | B2: 1 | R2: Crude | S2: 0 | T2: 0 | U2: 0 | V2: 0 | W2: 0 | X2: 0 | Y2: 0 | Z2: 0 | AA2: 0 | AD2: Crude | AE2: 0 | AF2: 0 | AG2: 0 | AH2: 0 | AI2: 0 | AJ2: 0 | AK2: 0 | AL2: 0 | AM2: 0
A3: Crude [from Dist.] | B3: 1 | R3: Crude [from Dist.] | S3: 530 | T3: 0 | U3: 0 | V3: 0 | W3: 0 | X3: 0 | Y3: 0 | Z3: 0 | AA3: 0 | AD3: Crude [from Dist.] | AE3: 1 | AF3: 0 | AG3: 0 | AH3: 0 | AI3: 0 | AJ3: 0 | AK3: 0 | AL3: 0 | AM3: 0
A4: Crude [from Fields] | B4: 1 | R4: Crude [from Fields] | S4: 0 | T4: 0 | U4: 0 | V4: 0 | W4: 0 | X4: 2650 | Y4: 0 | Z4: 0 | AA4: 0 | AD4: Crude [from Fields] | AE4: 0 | AF4: 0 | AG4: 0 | AH4: 0 | AI4: 0 | AJ4: 1 | AK4: 0 | AL4: 0 | AM4: 0
A5: Destroyed exergy | B5: 0 | R5: Destroyed exergy | S5: 0 | T5: 0 | U5: 0 | V5: 0 | W5: 0 | X5: 0 | Y5: 0 | Z5: 0 | AA5: 0 | AD5: Destroyed exergy | AE5: 0 | AF5: 0 | AG5: 0 | AH5: 0 | AI5: 0 | AJ5: 0 | AK5: 0 | AL5: 0 | AM5: 0
A6: Diesel | B6: 1 | R6: Diesel | S6: 0 | T6: 0 | U6: 0 | V6: 0 | W6: 0 | X6: 0 | Y6: 5300 | Z6: 0 | AA6: 0 | AD6: Diesel | AE6: 0 | AF6: 0 | AG6: 0 | AH6: 0 | AI6: 0 | AJ6: 0 | AK6: 1 | AL6: 0 | AM6: 0
A7: Diesel [from Dist.] | B7: 1 | R7: Diesel [from Dist.] | S7: 26.5 | T7: 371 | U7: 0 | V7: 53 | W7: 26.5 | X7: 53 | Y7: 0 | Z7: 265 | AA7: 0 | AD7: Diesel [from Dist.] | AE7: 1 | AF7: 1 | AG7: 0 | AH7: 1 | AI7: 1 | AJ7: 1 | AK7: 0 | AL7: 1 | AM7: 0
A8: Elect | B8: 1 | R8: Elect | S8: 0 | T8: 0 | U8: 0 | V8: 0 | W8: 0 | X8: 0 | Y8: 0 | Z8: 0 | AA8: 0 | AD8: Elect | AE8: 0 | AF8: 0 | AG8: 0 | AH8: 0 | AI8: 0 | AJ8: 0 | AK8: 0 | AL8: 0 | AM8: 0
A9: Elect [from Grid] | B9: 1 | R9: Elect [from Grid] | S9: 25 | T9: 0 | U9: 0 | V9: 25 | W9: 25 | X9: 25 | Y9: 75 | Z9: 0 | AA9: 100 | AD9: Elect [from Grid] | AE9: 1 | AF9: 0 | AG9: 0 | AH9: 1 | AI9: 1 | AJ9: 1 | AK9: 1 | AL9: 0 | AM9: 1
A10: MTH.200.C -> Transformation losses | B10: 0 | R10: MTH.200.C -> Transformation losses | S10: 0 | T10: 0 | U10: 0 | V10: 0 | W10: 0 | X10: 0 | Y10: 0 | Z10: 0 | AA10: 0 | AD10: MTH.200.C -> Transformation losses | AE10: 0 | AF10: 0 | AG10: 0 | AH10: 0 | AI10: 0 | AJ10: 0 | AK10: 0 | AL10: 0 | AM10: 0
A11: NG | B11: 1 | R11: NG | S11: 0 | T11: 0 | U11: 0 | V11: 0 | W11: 0 | X11: 0 | Y11: 0 | Z11: 0 | AA11: 0 | AD11: NG | AE11: 0 | AF11: 0 | AG11: 0 | AH11: 0 | AI11: 0 | AJ11: 0 | AK11: 0 | AL11: 0 | AM11: 0
A12: NG [from Dist.] | B12: 1 | R12: NG [from Dist.] | S12: 0 | T12: 0 | U12: 0 | V12: 0 | W12: 0 | X12: 0 | Y12: 0 | Z12: 0 | AA12: 0 | AD12: NG [from Dist.] | AE12: 0 | AF12: 0 | AG12: 0 | AH12: 0 | AI12: 0 | AJ12: 0 | AK12: 0 | AL12: 0 | AM12: 0
A13: NG [from Wells] | B13: 1 | R13: NG [from Wells] | S13: 0 | T13: 0 | U13: 0 | V13: 2080 | W13: 0 | X13: 0 | Y13: 0 | Z13: 0 | AA13: 0 | AD13: NG [from Wells] | AE13: 0 | AF13: 0 | AG13: 0 | AH13: 1 | AI13: 0 | AJ13: 0 | AK13: 0 | AL13: 0 | AM13: 0
... A15: Petrol [from Dist.] | B15: 1 | R15: Petrol [from Dist.] | S15: 0 | T15: 0 | U15: 0 | V15: 0 | W15: 0 | X15: 0 | Y15: 0 | Z15: 530 | AA15: 0 | AD15: Petrol [from Dist.] | AE15: 0 | AF15: 0 | AG15: 0 | AH15: 0 | AI15: 0 | AJ15: 0 | AK15: 0 | AL15: 1 | AM15: 0
B16: S_units | S16: U_EIOU | AE16: r_EIOU
S19: Crude dist. | T19: Diesel dist. | U19: Elect. grid | V19: Gas wells & proc. | W19: NG dist. | X19: Oil fields | Y19: Oil refineries | Z19: Petrol dist. | AA19: Power plants
R20: Crude | S20: 0 | T20: 0 | U20: 0 | V20: 0 | W20: 0 | X20: 53000 | Y20: 0 | Z20: 0 | AA20: 0
R21: Crude [from Dist.] | S21: 0 | T21: 0 | U21: 0 | V21: 0 | W21: 0 | X21: 0 | Y21: 49820 | Z21: 0 | AA21: 0
R22: Crude [from Fields] | S22: 50350 | T22: 0 | U22: 0 | V22: 0 | W22: 0 | X22: 0 | Y22: 0 | Z22: 0 | AA22: 0
R23: Destroyed exergy | S23: 0 | T23: 0 | U23: 0 | V23: 0 | W23: 0 | X23: 0 | Y23: 0 | Z23: 0 | AA23: 0
R24: Diesel | S24: 0 | T24: 16430 | U24: 0 | V24: 0 | W24: 0 | X24: 0 | Y24: 0 | Z24: 0 | AA24: 0
R25: Diesel [from Dist.] | S25: 0 | T25: 0 | U25: 0 | V25: 0 | W25: 0 | X25: 0 | Y25: 0 | Z25: 0 | AA25: 0
R26: Elect | S26: 0 | T26: 0 | U26: 6400 | V26: 0 | W26: 0 | X26: 0 | Y26: 0 | Z26: 0 | AA26: 0
R27: Elect [from Grid] | S27: 0 | T27: 0 | U27: 0 | V27: 0 | W27: 0 | X27: 0 | Y27: 0 | Z27: 0 | AA27: 0
R28: MTH.200.C -> Transformation losses | S28: 0 | T28: 0 | U28: 0 | V28: 0 | W28: 0 | X28: 0 | Y28: 0 | Z28: 0 | AA28: 0
R29: NG | S29: 0 | T29: 0 | U29: 0 | V29: 44720 | W29: 0 | X29: 0 | Y29: 0 | Z29: 0 | AA29: 0
R30: NG [from Dist.] | S30: 0 | T30: 0 | U30: 0 | V30: 0 | W30: 0 | X30: 0 | Y30: 0 | Z30: 0 | AA30: 16640
R31: NG [from Wells] | S31: 0 | T31: 0 | U31: 0 | V31: 0 | W31: 42640 | X31: 0 | Y31: 0 | Z31: 0 | AA31: 0
... R33: Petrol [from Dist.] | S33: 0 | T33: 0 | U33: 0 | V33: 0 | W33: 0 | X33: 0 | Y33: 0 | Z33: 0 | AA33: 0
S34: U_feed
S37: Crude dist. | T37: Diesel dist. | U37: Elect. grid | V37: Gas wells & proc. | W37: NG dist. | X37: Oil fields | Y37: Oil refineries | Z37: Petrol dist. | AA37: Power plants | AE37: Irreversibilities | AF37: Residential | AG37: Transformation losses | AH37: Transport
R38: Crude | S38: 0 | T38: 0 | U38: 0 | V38: 0 | W38: 0 | X38: 53000 | Y38: 0 | Z38: 0 | AA38: 0 | AD38: Crude | AE38: 0 | AF38: 0 | AG38: 0 | AH38: 0
R39: Crude [from Dist.] | S39: 530 | T39: 0 | U39: 0 | V39: 0 | W39: 0 | X39: 0 | Y39: 49820 | Z39: 0 | AA39: 0 | AD39: Crude [from Dist.] | AE39: 0 | AF39: 0 | AG39: 0 | AH39: 0
R40: Crude [from Fields] | S40: 50350 | T40: 0 | U40: 0 | V40: 0 | W40: 0 | X40: 2650 | Y40: 0 | Z40: 0 | AA40: 0 | AD40: Crude [from Fields] | AE40: 0 | AF40: 0 | AG40: 0 | AH40: 0
R41: Destroyed exergy | S41: 0 | T41: 0 | U41: 0 | V41: 0 | W41: 0 | X41: 0 | Y41: 0 | Z41: 0 | AA41: 0 | AD41: Destroyed exergy | AE41: 14665.442 | AF41: 0 | AG41: 0 | AH41: 0
R42: Diesel | S42: 0 | T42: 16430 | U42: 0 | V42: 0 | W42: 0 | X42: 0 | Y42: 5300 | Z42: 0 | AA42: 0 | AD42: Diesel | AE42: 0 | AF42: 0 | AG42: 0 | AH42: 0
R43: Diesel [from Dist.] | S43: 26.5 | T43: 371 | U43: 0 | V43: 53 | W43: 26.5 | X43: 53 | Y43: 0 | Z43: 265 | AA43: 0 | AD43: Diesel [from Dist.] | AE43: 0 | AF43: 0 | AG43: 0 | AH43: 15635
R44: Elect | S44: 0 | T44: 0 | U44: 6400 | V44: 0 | W44: 0 | X44: 0 | Y44: 0 | Z44: 0 | AA44: 0 | AD44: Elect | AE44: 0 | AF44: 0 | AG44: 0 | AH44: 0
R45: Elect [from Grid] | S45: 25 | T45: 0 | U45: 0 | V45: 25 | W45: 25 | X45: 25 | Y45: 75 | Z45: 0 | AA45: 100 | AD45: Elect [from Grid] | AE45: 0 | AF45: 6000 | AG45: 0 | AH45: 0
R46: MTH.200.C -> Transformation losses | S46: 0 | T46: 0 | U46: 0 | V46: 0 | W46: 0 | X46: 0 | Y46: 0 | Z46: 0 | AA46: 0 | AD46: MTH.200.C -> Transformation losses | AE46: 0 | AF46: 0 | AG46: 7859.5584 | AH46: 0
R47: NG | S47: 0 | T47: 0 | U47: 0 | V47: 44720 | W47: 0 | X47: 0 | Y47: 0 | Z47: 0 | AA47: 0 | AD47: NG | AE47: 0 | AF47: 0 | AG47: 0 | AH47: 0
R48: NG [from Dist.] | S48: 0 | T48: 0 | U48: 0 | V48: 0 | W48: 0 | X48: 0 | Y48: 0 | Z48: 0 | AA48: 16640 | AD48: NG [from Dist.] | AE48: 0 | AF48: 26000 | AG48: 0 | AH48: 0
R49: NG [from Wells] | S49: 0 | T49: 0 | U49: 0 | V49: 2080 | W49: 42640 | X49: 0 | Y49: 0 | Z49: 0 | AA49: 0 | AD49: NG [from Wells] | AE49: 0 | AF49: 0 | AG49: 0 | AH49: 0
... R51: Petrol [from Dist.] | S51: 0 | T51: 0 | U51: 0 | V51: 0 | W51: 0 | X51: 0 | Y51: 0 | Z51: 530 | AA51: 0 | AD51: Petrol [from Dist.] | AE51: 0 | AF51: 0 | AG51: 0 | AH51: 27560
S52: U | AE52: Y
B55: Crude | C55: Crude [from Dist.] | D55: Crude [from Fields] | E55: Destroyed exergy | F55: Diesel | G55: Diesel [from Dist.] | H55: Elect | I55: Elect [from Grid] | J55: MTH.200.C -> Transformation losses | K55: NG | L55: NG [from Dist.] | M55: NG [from Wells] | N55: Petrol | O55: Petrol [from Dist.]
A56: Crude dist. | B56: 0 | C56: 50350 | D56: 0 | E56: 378.07614 | F56: 0 | G56: 0 | H56: 0 | I56: 0 | J56: 203.42386 | K56: 0 | L56: 0 | M56: 0 | N56: 0 | O56: 0
A57: Diesel dist. | B57: 0 | C57: 0 | D57: 0 | E57: 241.54845 | F57: 0 | G57: 16430 | H57: 0 | I57: 0 | J57: 129.45155 | K57: 0 | L57: 0 | M57: 0 | N57: 0 | O57: 0
A58: Elect. grid | B58: 0 | C58: 0 | D58: 0 | E58: 78.767304 | F58: 0 | G58: 0 | H58: 0 | I58: 6275 | J58: 46.232696 | K58: 0 | L58: 0 | M58: 0 | N58: 0 | O58: 0
A59: Gas wells & proc. | B59: 0 | C59: 0 | D59: 0 | E59: 1390.5372 | F59: 0 | G59: 0 | H59: 0 | I59: 0 | J59: 767.46276 | K59: 0 | L59: 0 | M59: 44720 | N59: 0 | O59: 0
A60: NG dist. | B60: 0 | C60: 0 | D60: 0 | E60: 33.006921 | F60: 0 | G60: 0 | H60: 0 | I60: 0 | J60: 18.493078 | K60: 0 | L60: 42640 | M60: 0 | N60: 0 | O60: 0
A61: Oil fields | B61: 0 | C61: 0 | D61: 53000 | E61: 1775.6065 | F61: 0 | G61: 0 | H61: 0 | I61: 0 | J61: 952.39354 | K61: 0 | L61: 0 | M61: 0 | N61: 0 | O61: 0
A62: Oil refineries | B62: 0 | C62: 0 | D62: 0 | E62: 3497.9525 | F62: 21730 | G62: 0 | H62: 0 | I62: 0 | J62: 1877.0475 | K62: 0 | L62: 0 | M62: 0 | N62: 28090 | O62: 0
A63: Petrol dist. | B63: 0 | C63: 0 | D63: 0 | E63: 517.60382 | F63: 0 | G63: 0 | H63: 0 | I63: 0 | J63: 277.39618 | K63: 0 | L63: 0 | M63: 0 | N63: 0 | O63: 28090
A64: Power plants | B64: 0 | C64: 0 | D64: 0 | E64: 6752.3428 | F64: 0 | G64: 0 | H64: 6400 | I64: 0 | J64: 3587.6572 | K64: 0 | L64: 0 | M64: 0 | N64: 0 | O64: 0
B65: V
B68: Crude | C68: Crude [from Dist.] | D68: Crude [from Fields] | E68: Destroyed exergy | F68: Diesel | G68: Diesel [from Dist.] | H68: Elect | I68: Elect [from Grid] | J68: MTH.200.C -> Transformation losses | K68: NG | L68: NG [from Dist.] | M68: NG [from Wells] | N68: Petrol | O68: Petrol [from Dist.]
A69: Resources [of Crude] | B69: 53000 | C69: 0 | D69: 0 | E69: 0 | F69: 0 | G69: 0 | H69: 0 | I69: 0 | J69: 0 | K69: 0 | L69: 0 | M69: 0 | N69: 0 | O69: 0
A70: Resources [of NG] | B70: 0 | C70: 0 | D70: 0 | E70: 0 | F70: 0 | G70: 0 | H70: 0 | I70: 0 | J70: 0 | K70: 44720 | L70: 0 | M70: 0 | N70: 0 | O70: 0
B71: R

Sheet Checks
A1: Original ECC | AP1: Calculate energy losses (waste heat) | BI1: Endogenize energy losses (waste heat) | CX1: Convert to exergy (XCC) | EM1: Calculate exergy losses (irreversibility) | FF1: Endogenize irreversibility (exergy destruction) | GU1: Compare to Recca results
B2: ktoe | S2: Crude dist. | T2: Diesel dist. | U2: Elect. grid | V2: Gas wells & proc. | W2: NG dist. | X2: Oil fields | Y2: Oil refineries | Z2: Petrol dist. | AA2: Power plants | AE2: Crude dist. | AF2: Diesel dist. | AG2: Elect. grid | AH2: Gas wells & proc. | AI2: NG dist. | AJ2: Oil fields | AK2: Oil refineries | AL2: Petrol dist. | AM2: Power plants | CA2: =S2 -> Crude dist. | CB2: =T2 -> Diesel dist. | CC2: =U2 -> Elect. grid | CD2: =V2 -> Gas wells & proc. | CE2: =W2 -> NG dist. | CF2: =X2 -> Oil fields | CG2: =Y2 -> Oil refineries | CH2: =Z2 -> Petrol dist. | CI2: =AA2 -> Power plants | CM2: =AE2 -> Crude dist. | CN2: =AF2 -> Diesel dist. | CO2: =AG2 -> Elect. grid | CP2: =AH2 -> Gas wells & proc. | CQ2: =AI2 -> NG dist. | CR2: =AJ2 -> Oil fields | CS2: =AK2 -> Oil refineries | CT2: =AL2 -> Petrol dist. | CU2: =AM2 -> Power plants | DP2: Crude dist. | DQ2: Diesel dist. | DR2: Elect. grid | DS2: Gas wells & proc. | DT2: NG dist. | DU2: Oil fields | DV2: Oil refineries | DW2: Petrol dist. | DX2: Power plants | EB2: Crude dist. | EC2: Diesel dist. | ED2: Elect. grid | EE2: Gas wells & proc. | EF2: NG dist. | EG2: Oil fields | EH2: Oil refineries | EI2: Petrol dist. | EJ2: Power plants | FX2: =DP2 -> Crude dist. | FY2: =DQ2 -> Diesel dist. | FZ2: =DR2 -> Elect. grid | GA2: =DS2 -> Gas wells & proc. | GB2: =DT2 -> NG dist. | GC2: =DU2 -> Oil fields | GD2: =DV2 -> Oil refineries | GE2: =DW2 -> Petrol dist. | GF2: =DX2 -> Power plants | GJ2: =EB2 -> Crude dist. | GK2: =EC2 -> Diesel dist. | GL2: =ED2 -> Elect. grid | GM2: =EE2 -> Gas wells & proc. | GN2: =EF2 -> NG dist. | GO2: =EG2 -> Oil fields | GP2: =EH2 -> Oil refineries | GQ2: =EI2 -> Petrol dist. | GR2: =EJ2 -> Power plants | HM2: Crude dist. | HN2: Diesel dist. | HO2: Elect. grid | HP2: Gas wells & proc. | HQ2: NG dist. | HR2: Oil fields | HS2: Oil refineries | HT2: Petrol dist. | HU2: Power plants | HY2: Crude dist. | HZ2: Diesel dist. | IA2: Elect. grid | IB2: Gas wells & proc. | IC2: NG dist. | ID2: Oil fields | IE2: Oil refineries | IF2: Petrol dist. | IG2: Power plants
A3: Crude | B3: 1 | R3: Crude | S3: 0 | T3: 0 | U3: 0 | V3: 0 | W3: 0 | X3: 0 | Y3: 0 | Z3: 0 | AA3: 0 | AD3: Crude | AE3: 0 | AF3: 0 | AG3: 0 | AH3: 0 | AI3: 0 | AJ3: 0 | AK3: 0 | AL3: 0 | AM3: 0 | BZ3: =R3 -> Crude | CA3: =S3 -> 0 | CB3: =T3 -> 0 | CC3: =U3 -> 0 | CD3: =V3 -> 0 | CE3: =W3 -> 0 | CF3: =X3 -> 0 | CG3: =Y3 -> 0 | ... CI3: =AA3 -> 0 | CL3: =AD3 -> Crude | CM3: =AE3 -> 0 | CN3: =AF3 -> 0 | CO3: =AG3 -> 0 | CP3: =AH3 -> 0 | CQ3: =AI3 -> 0 | CR3: =AJ3 -> 0 | CS3: =AK3 -> 0 | ... CU3: =AM3 -> 0 | DO3: Crude | DP3: 0 | DQ3: 0 | DR3: 0 | DS3: 0 | DT3: 0 | DU3: 0 | DV3: 0 | DW3: 0 | DX3: 0 | EA3: Crude | EB3: 0 | EC3: 0 | ED3: 0 | EE3: 0 | EF3: 0 | EG3: =DU3/DU39 -> 0 | EH3: 0 | EI3: 0 | EJ3: 0 | FW3: =DO3 -> Crude | FX3: =DP3 -> 0 | FY3: =DQ3 -> 0 | FZ3: =DR3 -> 0 | GA3: =DS3 -> 0 | GB3: =DT3 -> 0 | GC3: =DU3 -> 0 | GD3: =DV3 -> 0 | ... GF3: =DX3 -> 0 | GI3: =EA3 -> Crude | GJ3: =EB3 -> 0 | GK3: =EC3 -> 0 | GL3: =ED3 -> 0 | GM3: =EE3 -> 0 | GN3: =EF3 -> 0 | GO3: =EG3 -> 0 | GP3: =EH3 -> 0 | ... GR3: =EJ3 -> 0 | HL3: Crude | HM3: =FX3-X_Final_2000!S2 -> 0 | HN3: =FY3-X_Final_2000!T2 -> 0 | HO3: =FZ3-X_Final_2000!U2 -> 0 | HP3: =GA3-X_Final_2000!V2 -> 0 | HQ3: =GB3-X_Final_2000!W2 -> 0 | HR3: =GC3-X_Final_2000!X2 -> 0 | HS3: =GD3-X_Final_2000!Y2 -> 0 | HT3: =GE3-X_Final_2000!Z2 -> 0 | HU3: =GF3-X_Final_2000!AA2 -> 0 | HX3: Crude | HY3: =GJ3-X_Final_2000!AE2 -> 0 | HZ3: =GK3-X_Final_2000!AF2 -> 0 | IA3: =GL3-X_Final_2000!AG2 -> 0 | IB3: =GM3-X_Final_2000!AH2 -> 0 | IC3: =GN3-X_Final_2000!AI2 -> 0 | ID3: =GO3-X_Final_2000!AJ2 -> 0 | IE3: =GP3-X_Final_2000!AK2 -> 0 | IF3: =GQ3-X_Final_2000!AL2 -> 0 | IG3: =GR3-X_Final_2000!AM2 -> 0
A4: Crude [from Dist.] | B4: 1 | R4: Crude [from Dist.] | S4: 500 | T4: 0 | U4: 0 | V4: 0 | W4: 0 | X4: 0 | Y4: 0 | Z4: 0 | AA4: 0 | AD4: Crude [from Dist.] | AE4: 1 | AF4: 0 | AG4: 0 | AH4: 0 | AI4: 0 | AJ4: 0 | AK4: 0 | AL4: 0 | AM4: 0 | BZ4: =R4 -> Crude [from Dist.] | CA4: =S4 -> 500 | CB4: =T4 -> 0 | CC4: =U4 -> 0 | CD4: =V4 -> 0 | CE4: =W4 -> 0 | CF4: =X4 -> 0 | CG4: =Y4 -> 0 | ... CI4: =AA4 -> 0 | CL4: =AD4 -> Crude [from Dist.] | CM4: =AE4 -> 1 | CN4: =AF4 -> 0 | CO4: =AG4 -> 0 | CP4: =AH4 -> 0 | CQ4: =AI4 -> 0 | CR4: =AJ4 -> 0 | CS4: =AK4 -> 0 | ... CU4: =AM4 -> 0 | DO4: Crude [from Dist.] | DP4: =DP40 -> 530 | DQ4: 0 | DR4: 0 | DS4: 0 | DT4: 0 | DU4: 0 | DV4: 0 | DW4: 0 | DX4: 0 | EA4: Crude [from Dist.] | EB4: =DP4/DP40 -> 1 | EC4: 0 | ED4: 0 | EE4: 0 | EF4: 0 | EG4: 0 | EH4: =DV4/DV40 -> 0 | EI4: 0 | EJ4: 0 | FW4: =DO4 -> Crude [from Dist.] | FX4: =DP4 -> 530 | FY4: =DQ4 -> 0 | FZ4: =DR4 -> 0 | GA4: =DS4 -> 0 | GB4: =DT4 -> 0 | GC4: =DU4 -> 0 | GD4: =DV4 -> 0 | ... GF4: =DX4 -> 0 | GI4: =EA4 -> Crude [from Dist.] | GJ4: =EB4 -> 1 | GK4: =EC4 -> 0 | GL4: =ED4 -> 0 | GM4: =EE4 -> 0 | GN4: =EF4 -> 0 | GO4: =EG4 -> 0 | GP4: =EH4 -> 0 | ... GR4: =EJ4 -> 0 | HL4: Crude [from Dist.] | HM4: =FX4-X_Final_2000!S3 -> 0 | HN4: =FY4-X_Final_2000!T3 -> 0 | HO4: =FZ4-X_Final_2000!U3 -> 0 | HP4: =GA4-X_Final_2000!V3 -> 0 | HQ4: =GB4-X_Final_2000!W3 -> 0 | HR4: =GC4-X_Final_2000!X3 -> 0 | HS4: =GD4-X_Final_2000!Y3 -> 0 | HT4: =GE4-X_Final_2000!Z3 -> 0 | HU4: =GF4-X_Final_2000!AA3 -> 0 | HX4: Crude [from Dist.] | HY4: =GJ4-X_Final_2000!AE3 -> 0 | HZ4: =GK4-X_Final_2000!AF3 -> 0 | IA4: =GL4-X_Final_2000!AG3 -> 0 | IB4: =GM4-X_Final_2000!AH3 -> 0 | IC4: =GN4-X_Final_2000!AI3 -> 0 | ID4: =GO4-X_Final_2000!AJ3 -> 0 | IE4: =GP4-X_Final_2000!AK3 -> 0 | IF4: =GQ4-X_Final_2000!AL3 -> 0 | IG4: =GR4-X_Final_2000!AM3 -> 0
A5: Crude [from Fields] | B5: 1 | R5: Crude [from Fields] | S5: 0 | T5: 0 | U5: 0 | V5: 0 | W5: 0 | X5: 2500 | Y5: 0 | Z5: 0 | AA5: 0 | AD5: Crude [from Fields] | AE5: 0 | AF5: 0 | AG5: 0 | AH5: 0 | AI5: 0 | AJ5: 1 | AK5: 0 | AL5: 0 | AM5: 0 | BZ5: =R5 -> Crude [from Fields] | CA5: =S5 -> 0 | CB5: =T5 -> 0 | CC5: =U5 -> 0 | CD5: =V5 -> 0 | CE5: =W5 -> 0 | CF5: =X5 -> 2500 | CG5: =Y5 -> 0 | ... CI5: =AA5 -> 0 | CL5: =AD5 -> Crude [from Fields] | CM5: =AE5 -> 0 | CN5: =AF5 -> 0 | CO5: =AG5 -> 0 | CP5: =AH5 -> 0 | CQ5: =AI5 -> 0 | CR5: =AJ5 -> 1 | CS5: =AK5 -> 0 | ... CU5: =AM5 -> 0 | DO5: Crude [from Fields] | DP5: 0 | DQ5: 0 | DR5: 0 | DS5: 0 | DT5: 0 | DU5: =DU41 -> 2650 | DV5: 0 | DW5: 0 | DX5: 0 | EA5: Crude [from Fields] | EB5: =DP5/DP41 -> 0 | EC5: 0 | ED5: 0 | EE5: 0 | EF5: 0 | EG5: =DU5/DU41 -> 1 | EH5: 0 | EI5: 0 | EJ5: 0 | FW5: =DO5 -> Crude [from Fields] | FX5: =DP5 -> 0 | FY5: =DQ5 -> 0 | FZ5: =DR5 -> 0 | GA5: =DS5 -> 0 | GB5: =DT5 -> 0 | GC5: =DU5 -> 2650 | GD5: =DV5 -> 0 | ... GF5: =DX5 -> 0 | GI5: =EA5 -> Crude [from Fields] | GJ5: =EB5 -> 0 | GK5: =EC5 -> 0 | GL5: =ED5 -> 0 | GM5: =EE5 -> 0 | GN5: =EF5 -> 0 | GO5: =EG5 -> 1 | GP5: =EH5 -> 0 | ... GR5: =EJ5 -> 0 | HL5: Crude [from Fields] | HM5: =FX5-X_Final_2000!S4 -> 0 | HN5: =FY5-X_Final_2000!T4 -> 0 | HO5: =FZ5-X_Final_2000!U4 -> 0 | HP5: =GA5-X_Final_2000!V4 -> 0 | HQ5: =GB5-X_Final_2000!W4 -> 0 | HR5: =GC5-X_Final_2000!X4 -> 0 | HS5: =GD5-X_Final_2000!Y4 -> 0 | HT5: =GE5-X_Final_2000!Z4 -> 0 | HU5: =GF5-X_Final_2000!AA4 -> 0 | HX5: Crude [from Fields] | HY5: =GJ5-X_Final_2000!AE4 -> 0 | HZ5: =GK5-X_Final_2000!AF4 -> 0 | IA5: =GL5-X_Final_2000!AG4 -> 0 | IB5: =GM5-X_Final_2000!AH4 -> 0 | IC5: =GN5-X_Final_2000!AI4 -> 0 | ID5: =GO5-X_Final_2000!AJ4 -> 0 | IE5: =GP5-X_Final_2000!AK4 -> 0 | IF5: =GQ5-X_Final_2000!AL4 -> 0 | IG5: =GR5-X_Final_2000!AM4 -> 0
A6: Destroyed exergy | B6: 1 | R6: Destroyed exergy | S6: 0 | T6: 0 | U6: 0 | V6: 0 | W6: 0 | X6: 0 | Y6: 0 | Z6: 0 | AA6: 0 | AD6: Destroyed exergy | AE6: 0 | AF6: 0 | AG6: 0 | AH6: 0 | AI6: 0 | AJ6: 0 | AK6: 0 | AL6: 0 | AM6: 0 | BZ6: Destroyed exergy | CA6: =S6 -> 0 | CB6: =T6 -> 0 | CC6: =U6 -> 0 | CD6: =V6 -> 0 | CE6: =W6 -> 0 | CF6: =X6 -> 0 | CG6: =Y6 -> 0 | CH6: =Z6 -> 0 | CI6: =AA6 -> 0 | CL6: Destroyed exergy | CM6: =AE6 -> 0 | CN6: =AF6 -> 0 | CO6: =AG6 -> 0 | CP6: =AH6 -> 0 | CQ6: =AI6 -> 0 | CR6: =AJ6 -> 0 | CS6: =AK6 -> 0 | CT6: =AL6 -> 0 | CU6: =AM6 -> 0 | DO6: Destroyed exergy | DP6: 0 | DQ6: 0 | DR6: 0 | DS6: 0 | DT6: 0 | DU6: 0 | DV6: 0 | DW6: 0 | DX6: 0 | EA6: Destroyed exergy | EB6: 0 | EC6: 0 | ED6: 0 | EE6: 0 | EF6: 0 | EG6: 0 | EH6: 0 | EI6: 0 | EJ6: 0 | FW6: =DO6 -> Destroyed exergy | FX6: =DP6 -> 0 | FY6: =DQ6 -> 0 | FZ6: =DR6 -> 0 | GA6: =DS6 -> 0 | GB6: =DT6 -> 0 | GC6: =DU6 -> 0 | GD6: =DV6 -> 0 | ... GF6: =DX6 -> 0 | GI6: =EA6 -> Destroyed exergy | GJ6: =EB6 -> 0 | GK6: =EC6 -> 0 | GL6: =ED6 -> 0 | GM6: =EE6 -> 0 | GN6: =EF6 -> 0 | GO6: =EG6 -> 0 | GP6: =EH6 -> 0 | ... GR6: =EJ6 -> 0 | HL6: Destroyed exergy | HM6: =FX6-X_Final_2000!S5 -> 0 | HN6: =FY6-X_Final_2000!T5 -> 0 | HO6: =FZ6-X_Final_2000!U5 -> 0 | HP6: =GA6-X_Final_2000!V5 -> 0 | HQ6: =GB6-X_Final_2000!W5 -> 0 | HR6: =GC6-X_Final_2000!X5 -> 0 | HS6: =GD6-X_Final_2000!Y5 -> 0 | HT6: =GE6-X_Final_2000!Z5 -> 0 | HU6: =GF6-X_Final_2000!AA5 -> 0 | HX6: Destroyed exergy | HY6: =GJ6-X_Final_2000!AE5 -> 0 | HZ6: =GK6-X_Final_2000!AF5 -> 0 | IA6: =GL6-X_Final_2000!AG5 -> 0 | IB6: =GM6-X_Final_2000!AH5 -> 0 | IC6: =GN6-X_Final_2000!AI5 -> 0 | ID6: =GO6-X_Final_2000!AJ5 -> 0 | IE6: =GP6-X_Final_2000!AK5 -> 0 | IF6: =GQ6-X_Final_2000!AL5 -> 0 | IG6: =GR6-X_Final_2000!AM5 -> 0
A7: Diesel | B7: 1 | R7: Diesel | S7: 0 | T7: 0 | U7: 0 | V7: 0 | W7: 0 | X7: 0 | Y7: 5000 | Z7: 0 | AA7: 0 | AD7: Diesel | AE7: 0 | AF7: 0 | AG7: 0 | AH7: 0 | AI7: 0 | AJ7: 0 | AK7: 1 | AL7: 0 | AM7: 0 | BZ7: =R7 -> Diesel | CA7: =S7 -> 0 | CB7: =T7 -> 0 | CC7: =U7 -> 0 | CD7: =V7 -> 0 | CE7: =W7 -> 0 | CF7: =X7 -> 0 | CG7: =Y7 -> 5000 | ... CI7: =AA7 -> 0 | CL7: =AD7 -> Diesel | CM7: =AE7 -> 0 | CN7: =AF7 -> 0 | CO7: =AG7 -> 0 | CP7: =AH7 -> 0 | CQ7: =AI7 -> 0 | CR7: =AJ7 -> 0 | CS7: =AK7 -> 1 | ... CU7: =AM7 -> 0 | DO7: Diesel | DP7: 0 | DQ7: 0 | DR7: 0 | DS7: 0 | DT7: 0 | DU7: 0 | DV7: =DV43 -> 5300 | DW7: 0 | DX7: 0 | EA7: Diesel | EB7: 0 | EC7: =DQ7/DQ43 -> 0 | ED7: 0 | EE7: 0 | EF7: 0 | EG7: 0 | EH7: =DV7/DV43 -> 1 | EI7: 0 | EJ7: 0 | FW7: =DO7 -> Diesel | FX7: =DP7 -> 0 | FY7: =DQ7 -> 0 | FZ7: =DR7 -> 0 | GA7: =DS7 -> 0 | GB7: =DT7 -> 0 | GC7: =DU7 -> 0 | GD7: =DV7 -> 5300 | ... GF7: =DX7 -> 0 | GI7: =EA7 -> Diesel | GJ7: =EB7 -> 0 | GK7: =EC7 -> 0 | GL7: =ED7 -> 0 | GM7: =EE7 -> 0 | GN7: =EF7 -> 0 | GO7: =EG7 -> 0 | GP7: =EH7 -> 1 | ... GR7: =EJ7 -> 0 | HL7: Diesel | HM7: =FX7-X_Final_2000!S6 -> 0 | HN7: =FY7-X_Final_2000!T6 -> 0 | HO7: =FZ7-X_Final_2000!U6 -> 0 | HP7: =GA7-X_Final_2000!V6 -> 0 | HQ7: =GB7-X_Final_2000!W6 -> 0 | HR7: =GC7-X_Final_2000!X6 -> 0 | HS7: =GD7-X_Final_2000!Y6 -> 0 | HT7: =GE7-X_Final_2000!Z6 -> 0 | HU7: =GF7-X_Final_2000!AA6 -> 0 | HX7: Diesel | HY7: =GJ7-X_Final_2000!AE6 -> 0 | HZ7: =GK7-X_Final_2000!AF6 -> 0 | IA7: =GL7-X_Final_2000!AG6 -> 0 | IB7: =GM7-X_Final_2000!AH6 -> 0 | IC7: =GN7-X_Final_2000!AI6 -> 0 | ID7: =GO7-X_Final_2000!AJ6 -> 0 | IE7: =GP7-X_Final_2000!AK6 -> 0 | IF7: =GQ7-X_Final_2000!AL6 -> 0 | IG7: =GR7-X_Final_2000!AM6 -> 0
A8: Diesel [from Dist.] | B8: 1 | R8: Diesel [from Dist.] | S8: 25 | T8: 350 | U8: 0 | V8: 50 | W8: 25 | X8: 50 | Y8: 0 | Z8: 250 | AA8: 0 | AD8: Diesel [from Dist.] | AE8: 1 | AF8: 1 | AG8: 0 | AH8: 1 | AI8: 1 | AJ8: 1 | AK8: 0 | AL8: 1 | AM8: 0 | BZ8: =R8 -> Diesel [from Dist.] | CA8: =S8 -> 25 | CB8: =T8 -> 350 | CC8: =U8 -> 0 | CD8: =V8 -> 50 | CE8: =W8 -> 25 | CF8: =X8 -> 50 | CG8: =Y8 -> 0 | ... CI8: =AA8 -> 0 | CL8: =AD8 -> Diesel [from Dist.] | CM8: =AE8 -> 1 | CN8: =AF8 -> 1 | CO8: =AG8 -> 0 | CP8: =AH8 -> 1 | CQ8: =AI8 -> 1 | CR8: =AJ8 -> 1 | CS8: =AK8 -> 0 | ... CU8: =AM8 -> 0 | DO8: Diesel [from Dist.] | DP8: =DP44 -> 26.5 | DQ8: =DQ44 -> 371 | DR8: =DR44 -> 0 | DS8: =DS44 -> 53 | DT8: =DT44 -> 26.5 | DU8: =DU44 -> 53 | DV8: =DV44 -> 0 | DW8: =DW44 -> 265 | DX8: =DX44 -> 0 | EA8: Diesel [from Dist.] | EB8: =DP8/DP44 -> 1 | EC8: =DQ8/DQ44 -> 1 | ED8: 0 | EE8: =DS8/DS44 -> 1 | EF8: =DT8/DT44 -> 1 | EG8: =DU8/DU44 -> 1 | EH8: 0 | EI8: =DW8/DW44 -> 1 | EJ8: 0 | FW8: =DO8 -> Diesel [from Dist.] | FX8: =DP8 -> 26.5 | FY8: =DQ8 -> 371 | FZ8: =DR8 -> 0 | GA8: =DS8 -> 53 | GB8: =DT8 -> 26.5 | GC8: =DU8 -> 53 | GD8: =DV8 -> 0 | ... GF8: =DX8 -> 0 | GI8: =EA8 -> Diesel [from Dist.] | GJ8: =EB8 -> 1 | GK8: =EC8 -> 1 | GL8: =ED8 -> 0 | GM8: =EE8 -> 1 | GN8: =EF8 -> 1 | GO8: =EG8 -> 1 | GP8: =EH8 -> 0 | ... GR8: =EJ8 -> 0 | HL8: Diesel [from Dist.] | HM8: =FX8-X_Final_2000!S7 -> 0 | HN8: =FY8-X_Final_2000!T7 -> 0 | HO8: =FZ8-X_Final_2000!U7 -> 0 | HP8: =GA8-X_Final_2000!V7 -> 0 | HQ8: =GB8-X_Final_2000!W7 -> 0 | HR8: =GC8-X_Final_2000!X7 -> 0 | HS8: =GD8-X_Final_2000!Y7 -> 0 | HT8: =GE8-X_Final_2000!Z7 -> 0 | HU8: =GF8-X_Final_2000!AA7 -> 0 | HX8: Diesel [from Dist.] | HY8: =GJ8-X_Final_2000!AE7 -> 0 | HZ8: =GK8-X_Final_2000!AF7 -> 0 | IA8: =GL8-X_Final_2000!AG7 -> 0 | IB8: =GM8-X_Final_2000!AH7 -> 0 | IC8: =GN8-X_Final_2000!AI7 -> 0 | ID8: =GO8-X_Final_2000!AJ7 -> 0 | IE8: =GP8-X_Final_2000!AK7 -> 0 | IF8: =GQ8-X_Final_2000!AL7 -> 0 | IG8: =GR8-X_Final_2000!AM7 -> 0
A9: Elect | B9: 1 | R9: Elect | S9: 0 | T9: 0 | U9: 0 | V9: 0 | W9: 0 | X9: 0 | Y9: 0 | Z9: 0 | AA9: 0 | AD9: Elect | AE9: 0 | AF9: 0 | AG9: 0 | AH9: 0 | AI9: 0 | AJ9: 0 | AK9: 0 | AL9: 0 | AM9: 0 | BZ9: =R9 -> Elect | CA9: =S9 -> 0 | CB9: =T9 -> 0 | CC9: =U9 -> 0 | CD9: =V9 -> 0 | CE9: =W9 -> 0 | CF9: =X9 -> 0 | CG9: =Y9 -> 0 | ... CI9: =AA9 -> 0 | CL9: =AD9 -> Elect | CM9: =AE9 -> 0 | CN9: =AF9 -> 0 | CO9: =AG9 -> 0 | CP9: =AH9 -> 0 | CQ9: =AI9 -> 0 | CR9: =AJ9 -> 0 | CS9: =AK9 -> 0 | ... CU9: =AM9 -> 0 | DO9: Elect | DP9: 0 | DQ9: 0 | DR9: 0 | DS9: 0 | DT9: 0 | DU9: 0 | DV9: 0 | DW9: 0 | DX9: 0 | EA9: Elect | EB9: 0 | EC9: 0 | ED9: =DR9/DR45 -> 0 | EE9: 0 | EF9: 0 | EG9: 0 | EH9: 0 | EI9: 0 | EJ9: 0 | FW9: =DO9 -> Elect | FX9: =DP9 -> 0 | FY9: =DQ9 -> 0 | FZ9: =DR9 -> 0 | GA9: =DS9 -> 0 | GB9: =DT9 -> 0 | GC9: =DU9 -> 0 | GD9: =DV9 -> 0 | ... GF9: =DX9 -> 0 | GI9: =EA9 -> Elect | GJ9: =EB9 -> 0 | GK9: =EC9 -> 0 | GL9: =ED9 -> 0 | GM9: =EE9 -> 0 | GN9: =EF9 -> 0 | GO9: =EG9 -> 0 | GP9: =EH9 -> 0 | ... GR9: =EJ9 -> 0 | HL9: Elect | HM9: =FX9-X_Final_2000!S8 -> 0 | HN9: =FY9-X_Final_2000!T8 -> 0 | HO9: =FZ9-X_Final_2000!U8 -> 0 | HP9: =GA9-X_Final_2000!V8 -> 0 | HQ9: =GB9-X_Final_2000!W8 -> 0 | HR9: =GC9-X_Final_2000!X8 -> 0 | HS9: =GD9-X_Final_2000!Y8 -> 0 | HT9: =GE9-X_Final_2000!Z8 -> 0 | HU9: =GF9-X_Final_2000!AA8 -> 0 | HX9: Elect | HY9: =GJ9-X_Final_2000!AE8 -> 0 | HZ9: =GK9-X_Final_2000!AF8 -> 0 | IA9: =GL9-X_Final_2000!AG8 -> 0 | IB9: =GM9-X_Final_2000!AH8 -> 0 | IC9: =GN9-X_Final_2000!AI8 -> 0 | ID9: =GO9-X_Final_2000!AJ8 -> 0 | IE9: =GP9-X_Final_2000!AK8 -> 0 | IF9: =GQ9-X_Final_2000!AL8 -> 0 | IG9: =GR9-X_Final_2000!AM8 -> 0
A10: Elect [from Grid] | B10: 1 | R10: Elect [from Grid] | S10: 25 | T10: 0 | U10: 0 | V10: 25 | W10: 25 | X10: 25 | Y10: 75 | Z10: 0 | AA10: 100 | AD10: Elect [from Grid] | AE10: 1 | AF10: 0 | AG10: 0 | AH10: 1 | AI10: 1 | AJ10: 1 | AK10: 1 | AL10: 0 | AM10: 1 | BZ10: =R10 -> Elect [from Grid] | CA10: =S10 -> 25 | CB10: =T10 -> 0 | CC10: =U10 -> 0 | CD10: =V10 -> 25 | CE10: =W10 -> 25 | CF10: =X10 -> 25 | CG10: =Y10 -> 75 | ... CI10: =AA10 -> 100 | CL10: =AD10 -> Elect [from Grid] | CM10: =AE10 -> 1 | CN10: =AF10 -> 0 | CO10: =AG10 -> 0 | CP10: =AH10 -> 1 | CQ10: =AI10 -> 1 | CR10: =AJ10 -> 1 | CS10: =AK10 -> 1 | ... CU10: =AM10 -> 1 | DO10: Elect [from Grid] | DP10: =DP46 -> 25 | DQ10: =DQ46 -> 0 | DR10: =DR46 -> 0 | DS10: =DS46 -> 25 | DT10: =DT46 -> 25 | DU10: =DU46 -> 25 | DV10: =DV46 -> 75 | DW10: =DW46 -> 0 | DX10: =DX46 -> 100 | EA10: Elect [from Grid] | EB10: =DP10/DP46 -> 1 | EC10: 0 | ED10: 0 | EE10: =DS10/DS46 -> 1 | EF10: =DT10/DT46 -> 1 | EG10: =DU10/DU46 -> 1 | EH10: =DV10/DV46 -> 1 | EI10: 0 | EJ10: =DX10/DX46 -> 1 | FW10: =DO10 -> Elect [from Grid] | FX10: =DP10 -> 25 | FY10: =DQ10 -> 0 | FZ10: =DR10 -> 0 | GA10: =DS10 -> 25 | GB10: =DT10 -> 25 | GC10: =DU10 -> 25 | GD10: =DV10 -> 75 | ... GF10: =DX10 -> 100 | GI10: =EA10 -> Elect [from Grid] | GJ10: =EB10 -> 1 | GK10: =EC10 -> 0 | GL10: =ED10 -> 0 | GM10: =EE10 -> 1 | GN10: =EF10 -> 1 | GO10: =EG10 -> 1 | GP10: =EH10 -> 1 | ... GR10: =EJ10 -> 1 | HL10: Elect [from Grid] | HM10: =FX10-X_Final_2000!S9 -> 0 | HN10: =FY10-X_Final_2000!T9 -> 0 | HO10: =FZ10-X_Final_2000!U9 -> 0 | HP10: =GA10-X_Final_2000!V9 -> 0 | HQ10: =GB10-X_Final_2000!W9 -> 0 | HR10: =GC10-X_Final_2000!X9 -> 0 | HS10: =GD10-X_Final_2000!Y9 -> 0 | HT10: =GE10-X_Final_2000!Z9 -> 0 | HU10: =GF10-X_Final_2000!AA9 -> 0 | HX10: Elect [from Grid] | HY10: =GJ10-X_Final_2000!AE9 -> 0 | HZ10: =GK10-X_Final_2000!AF9 -> 0 | IA10: =GL10-X_Final_2000!AG9 -> 0 | IB10: =GM10-X_Final_2000!AH9 -> 0 | IC10: =GN10-X_Final_2000!AI9 -> 0 | ID10: =GO10-X_Final_2000!AJ9 -> 0 | IE10: =GP10-X_Final_2000!AK9 -> 0 | IF10: =GQ10-X_Final_2000!AL9 -> 0 | IG10: =GR10-X_Final_2000!AM9 -> 0
A11: MTH.200.C -> Transformation losses | B11: 1 | R11: MTH.200.C -> Transformation losses | S11: 0 | T11: 0 | U11: 0 | V11: 0 | W11: 0 | X11: 0 | Y11: 0 | Z11: 0 | AA11: 0 | AD11: MTH.200.C -> Transformation losses | AE11: 0 | AF11: 0 | AG11: 0 | AH11: 0 | AI11: 0 | AJ11: 0 | AK11: 0 | AL11: 0 | AM11: 0 | BZ11: =R11 -> MTH.200.C -> Transformation losses | CA11: =S11 -> 0 | CB11: =T11 -> 0 | CC11: =U11 -> 0 | CD11: =V11 -> 0 | CE11: =W11 -> 0 | CF11: =X11 -> 0 | CG11: =Y11 -> 0 | ... CI11: =AA11 -> 0 | CL11: =AD11 -> MTH.200.C -> Transformation losses | CM11: =AE11 -> 0 | CN11: =AF11 -> 0 | CO11: =AG11 -> 0 | CP11: =AH11 -> 0 | CQ11: =AI11 -> 0 | CR11: =AJ11 -> 0 | CS11: =AK11 -> 0 | ... CU11: =AM11 -> 0 | DO11: MTH.200.C -> Transformation losses | DP11: 0 | DQ11: 0 | DR11: 0 | DS11: 0 | DT11: 0 | DU11: 0 | DV11: 0 | DW11: 0 | DX11: 0 | EA11: MTH.200.C -> Transformation losses | EB11: 0 | EC11: 0 | ED11: 0 | EE11: 0 | EF11: 0 | EG11: 0 | EH11: 0 | EI11: 0 | EJ11: 0 | FW11: =DO11 -> MTH.200.C -> Transformation losses | FX11: =DP11 -> 0 | FY11: =DQ11 -> 0 | FZ11: =DR11 -> 0 | GA11: =DS11 -> 0 | GB11: =DT11 -> 0 | GC11: =DU11 -> 0 | GD11: =DV11 -> 0 | ... GF11: =DX11 -> 0 | GI11: =EA11 -> MTH.200.C -> Transformation losses | GJ11: =EB11 -> 0 | GK11: =EC11 -> 0 | GL11: =ED11 -> 0 | GM11: =EE11 -> 0 | GN11: =EF11 -> 0 | GO11: =EG11 -> 0 | GP11: =EH11 -> 0 | ... GR11: =EJ11 -> 0 | HL11: MTH.200.C -> Transformation losses | HM11: =FX11-X_Final_2000!S10 -> 0 | HN11: =FY11-X_Final_2000!T10 -> 0 | HO11: =FZ11-X_Final_2000!U10 -> 0 | HP11: =GA11-X_Final_2000!V10 -> 0 | HQ11: =GB11-X_Final_2000!W10 -> 0 | HR11: =GC11-X_Final_2000!X10 -> 0 | HS11: =GD11-X_Final_2000!Y10 -> 0 | HT11: =GE11-X_Final_2000!Z10 -> 0 | HU11: =GF11-X_Final_2000!AA10 -> 0 | HX11: MTH.200.C -> Transformation losses | HY11: =GJ11-X_Final_2000!AE10 -> 0 | HZ11: =GK11-X_Final_2000!AF10 -> 0 | IA11: =GL11-X_Final_2000!AG10 -> 0 | IB11: =GM11-X_Final_2000!AH10 -> 0 | IC11: =GN11-X_Final_2000!AI10 -> 0 | ID11: =GO11-X_Final_2000!AJ10 -> 0 | IE11: =GP11-X_Final_2000!AK10 -> 0 | IF11: =GQ11-X_Final_2000!AL10 -> 0 | IG11: =GR11-X_Final_2000!AM10 -> 0
A12: NG | B12: 1 | R12: NG | S12: 0 | T12: 0 | U12: 0 | V12: 0 | W12: 0 | X12: 0 | Y12: 0 | Z12: 0 | AA12: 0 | AD12: NG | AE12: 0 | AF12: 0 | AG12: 0 | AH12: 0 | AI12: 0 | AJ12: 0 | AK12: 0 | AL12: 0 | AM12: 0 | BZ12: =R12 -> NG | CA12: =S12 -> 0 | CB12: =T12 -> 0 | CC12: =U12 -> 0 | CD12: =V12 -> 0 | CE12: =W12 -> 0 | CF12: =X12 -> 0 | CG12: =Y12 -> 0 | ... CI12: =AA12 -> 0 | CL12: =AD12 -> NG | CM12: =AE12 -> 0 | CN12: =AF12 -> 0 | CO12: =AG12 -> 0 | CP12: =AH12 -> 0 | CQ12: =AI12 -> 0 | CR12: =AJ12 -> 0 | CS12: =AK12 -> 0 | ... CU12: =AM12 -> 0 | DO12: NG | DP12: 0 | DQ12: 0 | DR12: 0 | DS12: 0 | DT12: 0 | DU12: 0 | DV12: 0 | DW12: 0 | DX12: 0 | EA12: NG | EB12: 0 | EC12: 0 | ED12: 0 | EE12: =DS12/DS48 -> 0 | EF12: 0 | EG12: 0 | EH12: 0 | EI12: 0 | EJ12: 0 | FW12: =DO12 -> NG | FX12: =DP12 -> 0 | FY12: =DQ12 -> 0 | FZ12: =DR12 -> 0 | GA12: =DS12 -> 0 | GB12: =DT12 -> 0 | GC12: =DU12 -> 0 | GD12: =DV12 -> 0 | ... GF12: =DX12 -> 0 | GI12: =EA12 -> NG | GJ12: =EB12 -> 0 | GK12: =EC12 -> 0 | GL12: =ED12 -> 0 | GM12: =EE12 -> 0 | GN12: =EF12 -> 0 | GO12: =EG12 -> 0 | GP12: =EH12 -> 0 | ... GR12: =EJ12 -> 0 | HL12: NG | HM12: =FX12-X_Final_2000!S11 -> 0 | HN12: =FY12-X_Final_2000!T11 -> 0 | HO12: =FZ12-X_Final_2000!U11 -> 0 | HP12: =GA12-X_Final_2000!V11 -> 0 | HQ12: =GB12-X_Final_2000!W11 -> 0 | HR12: =GC12-X_Final_2000!X11 -> 0 | HS12: =GD12-X_Final_2000!Y11 -> 0 | HT12: =GE12-X_Final_2000!Z11 -> 0 | HU12: =GF12-X_Final_2000!AA11 -> 0 | HX12: NG | HY12: =GJ12-X_Final_2000!AE11 -> 0 | HZ12: =GK12-X_Final_2000!AF11 -> 0 | IA12: =GL12-X_Final_2000!AG11 -> 0 | IB12: =GM12-X_Final_2000!AH11 -> 0 | IC12: =GN12-X_Final_2000!AI11 -> 0 | ID12: =GO12-X_Final_2000!AJ11 -> 0 | IE12: =GP12-X_Final_2000!AK11 -> 0 | IF12: =GQ12-X_Final_2000!AL11 -> 0 | IG12: =GR12-X_Final_2000!AM11 -> 0
A13: NG [from Dist.] | B13: 1 | R13: NG [from Dist.] | S13: 0 | T13: 0 | U13: 0 | V13: 0 | W13: 0 | X13: 0 | Y13: 0 | Z13: 0 | AA13: 0 | AD13: NG [from Dist.] | AE13: 0 | AF13: 0 | AG13: 0 | AH13: 0 | AI13: 0 | AJ13: 0 | AK13: 0 | AL13: 0 | AM13: 0 | BZ13: =R13 -> NG [from Dist.] | CA13: =S13 -> 0 | CB13: =T13 -> 0 | CC13: =U13 -> 0 | CD13: =V13 -> 0 | CE13: =W13 -> 0 | CF13: =X13 -> 0 | CG13: =Y13 -> 0 | ... CI13: =AA13 -> 0 | CL13: =AD13 -> NG [from Dist.] | CM13: =AE13 -> 0 | CN13: =AF13 -> 0 | CO13: =AG13 -> 0 | CP13: =AH13 -> 0 | CQ13: =AI13 -> 0 | CR13: =AJ13 -> 0 | CS13: =AK13 -> 0 | ... CU13: =AM13 -> 0 | DO13: NG [from Dist.] | DP13: 0 | DQ13: 0 | DR13: 0 | DS13: 0 | DT13: 0 | DU13: 0 | DV13: 0 | DW13: 0 | DX13: 0 | EA13: NG [from Dist.] | EB13: 0 | EC13: 0 | ED13: 0 | EE13: 0 | EF13: 0 | EG13: 0 | EH13: 0 | EI13: 0 | EJ13: =DX13/DX49 -> 0 | FW13: =DO13 -> NG [from Dist.] | FX13: =DP13 -> 0 | FY13: =DQ13 -> 0 | FZ13: =DR13 -> 0 | GA13: =DS13 -> 0 | GB13: =DT13 -> 0 | GC13: =DU13 -> 0 | GD13: =DV13 -> 0 | ... GF13: =DX13 -> 0 | GI13: =EA13 -> NG [from Dist.] | GJ13: =EB13 -> 0 | GK13: =EC13 -> 0 | GL13: =ED13 -> 0 | GM13: =EE13 -> 0 | GN13: =EF13 -> 0 | GO13: =EG13 -> 0 | GP13: =EH13 -> 0 | ... GR13: =EJ13 -> 0 | HL13: NG [from Dist.] | HM13: =FX13-X_Final_2000!S12 -> 0 | HN13: =FY13-X_Final_2000!T12 -> 0 | HO13: =FZ13-X_Final_2000!U12 -> 0 | HP13: =GA13-X_Final_2000!V12 -> 0 | HQ13: =GB13-X_Final_2000!W12 -> 0 | HR13: =GC13-X_Final_2000!X12 -> 0 | HS13: =GD13-X_Final_2000!Y12 -> 0 | HT13: =GE13-X_Final_2000!Z12 -> 0 | HU13: =GF13-X_Final_2000!AA12 -> 0 | HX13: NG [from Dist.] | HY13: =GJ13-X_Final_2000!AE12 -> 0 | HZ13: =GK13-X_Final_2000!AF12 -> 0 | IA13: =GL13-X_Final_2000!AG12 -> 0 | IB13: =GM13-X_Final_2000!AH12 -> 0 | IC13: =GN13-X_Final_2000!AI12 -> 0 | ID13: =GO13-X_Final_2000!AJ12 -> 0 | IE13: =GP13-X_Final_2000!AK12 -> 0 | IF13: =GQ13-X_Final_2000!AL12 -> 0 | IG13: =GR13-X_Final_2000!AM12 -> 0
A14: NG [from Wells] | B14: 1 | R14: NG [from Wells] | S14: 0 | T14: 0 | U14: 0 | V14: 2000 | W14: 0 | X14: 0 | Y14: 0 | Z14: 0 | AA14: 0 | AD14: NG [from Wells] | AE14: 0 | AF14: 0 | AG14: 0 | AH14: 1 | AI14: 0 | AJ14: 0 | AK14: 0 | AL14: 0 | AM14: 0 | BZ14: =R14 -> NG [from Wells] | CA14: =S14 -> 0 | CB14: =T14 -> 0 | CC14: =U14 -> 0 | CD14: =V14 -> 2000 | CE14: =W14 -> 0 | CF14: =X14 -> 0 | CG14: =Y14 -> 0 | ... CI14: =AA14 -> 0 | CL14: =AD14 -> NG [from Wells] | CM14: =AE14 -> 0 | CN14: =AF14 -> 0 | CO14: =AG14 -> 0 | CP14: =AH14 -> 1 | CQ14: =AI14 -> 0 | CR14: =AJ14 -> 0 | CS14: =AK14 -> 0 | ... CU14: =AM14 -> 0 | DO14: NG [from Wells] | DP14: 0 | DQ14: 0 | DR14: 0 | DS14: =DS50 -> 2080 | DT14: 0 | DU14: 0 | DV14: 0 | DW14: 0 | DX14: 0 | EA14: NG [from Wells] | EB14: 0 | EC14: 0 | ED14: 0 | EE14: =DS14/DS50 -> 1 | EF14: =DT14/DT50 -> 0 | EG14: 0 | EH14: 0 | EI14: 0 | EJ14: 0 | FW14: =DO14 -> NG [from Wells] | FX14: =DP14 -> 0 | FY14: =DQ14 -> 0 | FZ14: =DR14 -> 0 | GA14: =DS14 -> 2080 | GB14: =DT14 -> 0 | GC14: =DU14 -> 0 | GD14: =DV14 -> 0 | ... GF14: =DX14 -> 0 | GI14: =EA14 -> NG [from Wells] | GJ14: =EB14 -> 0 | GK14: =EC14 -> 0 | GL14: =ED14 -> 0 | GM14: =EE14 -> 1 | GN14: =EF14 -> 0 | GO14: =EG14 -> 0 | GP14: =EH14 -> 0 | ... GR14: =EJ14 -> 0 | HL14: NG [from Wells] | HM14: =FX14-X_Final_2000!S13 -> 0 | HN14: =FY14-X_Final_2000!T13 -> 0 | HO14: =FZ14-X_Final_2000!U13 -> 0 | HP14: =GA14-X_Final_2000!V13 -> 0 | HQ14: =GB14-X_Final_2000!W13 -> 0 | HR14: =GC14-X_Final_2000!X13 -> 0 | HS14: =GD14-X_Final_2000!Y13 -> 0 | HT14: =GE14-X_Final_2000!Z13 -> 0 | HU14: =GF14-X_Final_2000!AA13 -> 0 | HX14: NG [from Wells] | HY14: =GJ14-X_Final_2000!AE13 -> 0 | HZ14: =GK14-X_Final_2000!AF13 -> 0 | IA14: =GL14-X_Final_2000!AG13 -> 0 | IB14: =GM14-X_Final_2000!AH13 -> 0 | IC14: =GN14-X_Final_2000!AI13 -> 0 | ID14: =GO14-X_Final_2000!AJ13 -> 0 | IE14: =GP14-X_Final_2000!AK13 -> 0 | IF14: =GQ14-X_Final_2000!AL13 -> 0 | IG14: =GR14-X_Final_2000!AM13 -> 0
A15: Petrol | B15: 1 | R15: Petrol | S15: 0 | T15: 0 | U15: 0 | V15: 0 | W15: 0 | X15: 0 | Y15: 0 | Z15: 0 | AA15: 0 | AD15: Petrol | AE15: 0 | AF15: 0 | AG15: 0 | AH15: 0 | AI15: 0 | AJ15: 0 | AK15: 0 | AL15: 0 | AM15: 0 | BZ15: =R15 -> Petrol | CA15: =S15 -> 0 | CB15: =T15 -> 0 | CC15: =U15 -> 0 | CD15: =V15 -> 0 | CE15: =W15 -> 0 | CF15: =X15 -> 0 | CG15: =Y15 -> 0 | ... CI15: =AA15 -> 0 | CL15: =AD15 -> Petrol | CM15: =AE15 -> 0 | CN15: =AF15 -> 0 | CO15: =AG15 -> 0 | CP15: =AH15 -> 0 | CQ15: =AI15 -> 0 | CR15: =AJ15 -> 0 | CS15: =AK15 -> 0 | ... CU15: =AM15 -> 0 | DO15: Petrol | DP15: 0 | DQ15: 0 | DR15: 0 | DS15: 0 | DT15: 0 | DU15: 0 | DV15: 0 | DW15: 0 | DX15: 0 | EA15: Petrol | EB15: 0 | EC15: 0 | ED15: 0 | EE15: 0 | EF15: 0 | EG15: 0 | EH15: 0 | EI15: =DW15/DW51 -> 0 | EJ15: 0 | FW15: =DO15 -> Petrol | FX15: =DP15 -> 0 | FY15: =DQ15 -> 0 | FZ15: =DR15 -> 0 | GA15: =DS15 -> 0 | GB15: =DT15 -> 0 | GC15: =DU15 -> 0 | GD15: =DV15 -> 0 | ... GF15: =DX15 -> 0 | GI15: =EA15 -> Petrol | GJ15: =EB15 -> 0 | GK15: =EC15 -> 0 | GL15: =ED15 -> 0 | GM15: =EE15 -> 0 | GN15: =EF15 -> 0 | GO15: =EG15 -> 0 | GP15: =EH15 -> 0 | ... GR15: =EJ15 -> 0 | HL15: Petrol | HM15: =FX15-X_Final_2000!S14 -> 0 | HN15: =FY15-X_Final_2000!T14 -> 0 | HO15: =FZ15-X_Final_2000!U14 -> 0 | HP15: =GA15-X_Final_2000!V14 -> 0 | HQ15: =GB15-X_Final_2000!W14 -> 0 | HR15: =GC15-X_Final_2000!X14 -> 0 | HS15: =GD15-X_Final_2000!Y14 -> 0 | HT15: =GE15-X_Final_2000!Z14 -> 0 | HU15: =GF15-X_Final_2000!AA14 -> 0 | HX15: Petrol | HY15: =GJ15-X_Final_2000!AE14 -> 0 | HZ15: =GK15-X_Final_2000!AF14 -> 0 | IA15: =GL15-X_Final_2000!AG14 -> 0 | IB15: =GM15-X_Final_2000!AH14 -> 0 | IC15: =GN15-X_Final_2000!AI14 -> 0 | ID15: =GO15-X_Final_2000!AJ14 -> 0 | IE15: =GP15-X_Final_2000!AK14 -> 0 | IF15: =GQ15-X_Final_2000!AL14 -> 0 | IG15: =GR15-X_Final_2000!AM14 -> 0
A16: Petrol [from Dist.] | B16: 1 | R16: Petrol [from Dist.] | S16: 0 | T16: 0 | U16: 0 | V16: 0 | W16: 0 | X16: 0 | Y16: 0 | Z16: 500 | AA16: 0 | AD16: Petrol [from Dist.] | AE16: 0 | AF16: 0 | AG16: 0 | AH16: 0 | AI16: 0 | AJ16: 0 | AK16: 0 | AL16: 1 | AM16: 0 | BZ16: =R16 -> Petrol [from Dist.] | CA16: =S16 -> 0 | CB16: =T16 -> 0 | CC16: =U16 -> 0 | CD16: =V16 -> 0 | CE16: =W16 -> 0 | CF16: =X16 -> 0 | CG16: =Y16 -> 0 | ... CI16: =AA16 -> 0 | CL16: =AD16 -> Petrol [from Dist.] | CM16: =AE16 -> 0 | CN16: =AF16 -> 0 | CO16: =AG16 -> 0 | CP16: =AH16 -> 0 | CQ16: =AI16 -> 0 | CR16: =AJ16 -> 0 | CS16: =AK16 -> 0 | ... CU16: =AM16 -> 0 | DO16: Petrol [from Dist.] | DP16: 0 | DQ16: 0 | DR16: 0 | DS16: 0 | DT16: 0 | DU16: 0 | DV16: 0 | DW16: =DW52 -> 530 | DX16: 0 | EA16: Petrol [from Dist.] | EB16: 0 | EC16: 0 | ED16: 0 | EE16: 0 | EF16: 0 | EG16: 0 | EH16: 0 | EI16: =DW16/DW52 -> 1 | EJ16: 0 | FW16: =DO16 -> Petrol [from Dist.] | FX16: =DP16 -> 0 | FY16: =DQ16 -> 0 | FZ16: =DR16 -> 0 | GA16: =DS16 -> 0 | GB16: =DT16 -> 0 | GC16: =DU16 -> 0 | GD16: =DV16 -> 0 | ... GF16: =DX16 -> 0 | GI16: =EA16 -> Petrol [from Dist.] | GJ16: =EB16 -> 0 | GK16: =EC16 -> 0 | GL16: =ED16 -> 0 | GM16: =EE16 -> 0 | GN16: =EF16 -> 0 | GO16: =EG16 -> 0 | GP16: =EH16 -> 0 | ... GR16: =EJ16 -> 0 | HL16: Petrol [from Dist.] | HM16: =FX16-X_Final_2000!S15 -> 0 | HN16: =FY16-X_Final_2000!T15 -> 0 | HO16: =FZ16-X_Final_2000!U15 -> 0 | HP16: =GA16-X_Final_2000!V15 -> 0 | HQ16: =GB16-X_Final_2000!W15 -> 0 | HR16: =GC16-X_Final_2000!X15 -> 0 | HS16: =GD16-X_Final_2000!Y15 -> 0 | HT16: =GE16-X_Final_2000!Z15 -> 0 | HU16: =GF16-X_Final_2000!AA15 -> 0 | HX16: Petrol [from Dist.] | HY16: =GJ16-X_Final_2000!AE15 -> 0 | HZ16: =GK16-X_Final_2000!AF15 -> 0 | IA16: =GL16-X_Final_2000!AG15 -> 0 | IB16: =GM16-X_Final_2000!AH15 -> 0 | IC16: =GN16-X_Final_2000!AI15 -> 0 | ID16: =GO16-X_Final_2000!AJ15 -> 0 | IE16: =GP16-X_Final_2000!AK15 -> 0 | IF16: =GQ16-X_Final_2000!AL15 -> 0 | IG16: =GR16-X_Final_2000!AM15 -> 0
B17: S_units | S17: U_EIOU | AE17: r_EIOU | CA17: U_EIOU | CM17: r_EIOU | DP17: U_EIOU | EB17: r_EIOU | FX17: =DP17 -> U_EIOU | GJ17: =EB17 -> r_EIOU | HM17: U_EROI_Excel – U_EROI_Recca | HY17: r_EROI_Excel – r_EROI_Recca
CA18: Unchanged | CM18: Unchanged | DP18: Now in exergy terms | EB18: Now for exergy (unchanged) | FX18: Unchanged | GJ18: Unchanged
S20: Crude dist. | T20: Diesel dist. | U20: Elect. grid | V20: Gas wells & proc. | W20: NG dist. | X20: Oil fields | Y20: Oil refineries | Z20: Petrol dist. | AA20: Power plants | CA20: Crude dist. | CB20: Diesel dist. | CC20: Elect. grid | CD20: Gas wells & proc. | CE20: NG dist. | CF20: Oil fields | CG20: Oil refineries | CH20: Petrol dist. | CI20: Power plants | DP20: Crude dist. | DQ20: Diesel dist. | DR20: Elect. grid | DS20: Gas wells & proc. | DT20: NG dist. | DU20: Oil fields | DV20: Oil refineries | DW20: Petrol dist. | DX20: Power plants | FW20: =DO20 -> 0 | FX20: =DP20 -> Crude dist. | FY20: =DQ20 -> Diesel dist. | FZ20: =DR20 -> Elect. grid | GA20: =DS20 -> Gas wells & proc. | GB20: =DT20 -> NG dist. | GC20: =DU20 -> Oil fields | GD20: =DV20 -> Oil refineries | ... GF20: =DX20 -> Power plants | HM20: Crude dist. | HN20: Diesel dist. | HO20: Elect. grid | HP20: Gas wells & proc. | HQ20: NG dist. | HR20: Oil fields | HS20: Oil refineries | HT20: Petrol dist. | HU20: Power plants
A21: This tab starts with the E_Final_2000 information and calculates losses, exergy, and exergy destruction. | R21: Crude | S21: 0 | T21: 0 | U21: 0 | V21: 0 | W21: 0 | X21: 50000 | Y21: 0 | Z21: 0 | AA21: 0 | BZ21: Crude | CA21: =S21 -> 0 | CB21: =T21 -> 0 | CC21: =U21 -> 0 | CD21: =V21 -> 0 | CE21: =W21 -> 0 | CF21: =X21 -> 50000 | CG21: =Y21 -> 0 | CH21: =Z21 -> 0 | CI21: =AA21 -> 0 | DO21: Crude | DP21: =DP39-DP3 -> 0 | DQ21: =DQ39-DQ3 -> 0 | DR21: =DR39-DR3 -> 0 | DS21: =DS39-DS3 -> 0 | DT21: =DT39-DT3 -> 0 | DU21: =DU39-DU3 -> 53000 | DV21: =DV39-DV3 -> 0 | DW21: =DW39-DW3 -> 0 | DX21: =DX39-DX3 -> 0 | FW21: =DO21 -> Crude | FX21: =DP21 -> 0 | FY21: =DQ21 -> 0 | FZ21: =DR21 -> 0 | GA21: =DS21 -> 0 | GB21: =DT21 -> 0 | GC21: =DU21 -> 53000 | GD21: =DV21 -> 0 | ... GF21: =DX21 -> 0 | HL21: Crude | HM21: =FX21-X_Final_2000!S20 -> 0 | HN21: =FY21-X_Final_2000!T20 -> 0 | HO21: =FZ21-X_Final_2000!U20 -> 0 | HP21: =GA21-X_Final_2000!V20 -> 0 | HQ21: =GB21-X_Final_2000!W20 -> 0 | HR21: =GC21-X_Final_2000!X20 -> 0 | HS21: =GD21-X_Final_2000!Y20 -> 0 | HT21: =GE21-X_Final_2000!Z20 -> 0 | HU21: =GF21-X_Final_2000!AA20 -> 0
A22: Then compares to results from Recca in X_Final_2000. | R22: Crude [from Dist.] | S22: 0 | T22: 0 | U22: 0 | V22: 0 | W22: 0 | X22: 0 | Y22: 47000 | Z22: 0 | AA22: 0 | BZ22: Crude [from Dist.] | CA22: =S22 -> 0 | CB22: =T22 -> 0 | CC22: =U22 -> 0 | CD22: =V22 -> 0 | CE22: =W22 -> 0 | CF22: =X22 -> 0 | CG22: =Y22 -> 47000 | CH22: =Z22 -> 0 | CI22: =AA22 -> 0 | DO22: Crude [from Dist.] | DP22: =DP40-DP4 -> 0 | DQ22: =DQ40-DQ4 -> 0 | DR22: =DR40-DR4 -> 0 | DS22: =DS40-DS4 -> 0 | DT22: =DT40-DT4 -> 0 | DU22: =DU40-DU4 -> 0 | DV22: =DV40-DV4 -> 49820 | DW22: =DW40-DW4 -> 0 | DX22: =DX40-DX4 -> 0 | FW22: =DO22 -> Crude [from Dist.] | FX22: =DP22 -> 0 | FY22: =DQ22 -> 0 | FZ22: =DR22 -> 0 | GA22: =DS22 -> 0 | GB22: =DT22 -> 0 | GC22: =DU22 -> 0 | GD22: =DV22 -> 49820 | ... GF22: =DX22 -> 0 | HL22: Crude [from Dist.] | HM22: =FX22-X_Final_2000!S21 -> 0 | HN22: =FY22-X_Final_2000!T21 -> 0 | HO22: =FZ22-X_Final_2000!U21 -> 0 | HP22: =GA22-X_Final_2000!V21 -> 0 | HQ22: =GB22-X_Final_2000!W21 -> 0 | HR22: =GC22-X_Final_2000!X21 -> 0 | HS22: =GD22-X_Final_2000!Y21 -> 0 | HT22: =GE22-X_Final_2000!Z21 -> 0 | HU22: =GF22-X_Final_2000!AA21 -> 0
R23: Crude [from Fields] | S23: 47500 | T23: 0 | U23: 0 | V23: 0 | W23: 0 | X23: 0 | Y23: 0 | Z23: 0 | AA23: 0 | BZ23: Crude [from Fields] | CA23: =S23 -> 47500 | CB23: =T23 -> 0 | CC23: =U23 -> 0 | CD23: =V23 -> 0 | CE23: =W23 -> 0 | CF23: =X23 -> 0 | CG23: =Y23 -> 0 | CH23: =Z23 -> 0 | CI23: =AA23 -> 0 | DO23: Crude [from Fields] | DP23: =DP41-DP5 -> 50350 | DQ23: =DQ41-DQ5 -> 0 | DR23: =DR41-DR5 -> 0 | DS23: =DS41-DS5 -> 0 | DT23: =DT41-DT5 -> 0 | DU23: =DU41-DU5 -> 0 | DV23: =DV41-DV5 -> 0 | DW23: =DW41-DW5 -> 0 | DX23: =DX41-DX5 -> 0 | FW23: =DO23 -> Crude [from Fields] | FX23: =DP23 -> 50350 | FY23: =DQ23 -> 0 | FZ23: =DR23 -> 0 | GA23: =DS23 -> 0 | GB23: =DT23 -> 0 | GC23: =DU23 -> 0 | GD23: =DV23 -> 0 | ... GF23: =DX23 -> 0 | HL23: Crude [from Fields] | HM23: =FX23-X_Final_2000!S22 -> 0 | HN23: =FY23-X_Final_2000!T22 -> 0 | HO23: =FZ23-X_Final_2000!U22 -> 0 | HP23: =GA23-X_Final_2000!V22 -> 0 | HQ23: =GB23-X_Final_2000!W22 -> 0 | HR23: =GC23-X_Final_2000!X22 -> 0 | HS23: =GD23-X_Final_2000!Y22 -> 0 | HT23: =GE23-X_Final_2000!Z22 -> 0 | HU23: =GF23-X_Final_2000!AA22 -> 0
R24: Destroyed exergy | S24: 0 | T24: 0 | U24: 0 | V24: 0 | W24: 0 | X24: 0 | Y24: 0 | Z24: 0 | AA24: 0 | BZ24: Destroyed exergy | CA24: =S24 -> 0 | CB24: =T24 -> 0 | CC24: =U24 -> 0 | CD24: =V24 -> 0 | CE24: =W24 -> 0 | CF24: =X24 -> 0 | CG24: =Y24 -> 0 | CH24: =Z24 -> 0 | CI24: =AA24 -> 0 | DO24: Destroyed exergy | DP24: =DP42-DP6 -> 0 | DQ24: =DQ42-DQ6 -> 0 | DR24: =DR42-DR6 -> 0 | DS24: =DS42-DS6 -> 0 | DT24: =DT42-DT6 -> 0 | DU24: =DU42-DU6 -> 0 | DV24: =DV42-DV6 -> 0 | DW24: =DW42-DW6 -> 0 | DX24: =DX42-DX6 -> 0 | FW24: =DO24 -> Destroyed exergy | FX24: =DP24 -> 0 | FY24: =DQ24 -> 0 | FZ24: =DR24 -> 0 | GA24: =DS24 -> 0 | GB24: =DT24 -> 0 | GC24: =DU24 -> 0 | GD24: =DV24 -> 0 | ... GF24: =DX24 -> 0 | HL24: Destroyed exergy | HM24: =FX24-X_Final_2000!S23 -> 0 | HN24: =FY24-X_Final_2000!T23 -> 0 | HO24: =FZ24-X_Final_2000!U23 -> 0 | HP24: =GA24-X_Final_2000!V23 -> 0 | HQ24: =GB24-X_Final_2000!W23 -> 0 | HR24: =GC24-X_Final_2000!X23 -> 0 | HS24: =GD24-X_Final_2000!Y23 -> 0 | HT24: =GE24-X_Final_2000!Z23 -> 0 | HU24: =GF24-X_Final_2000!AA23 -> 0
R25: Diesel | S25: 0 | T25: 15500 | U25: 0 | V25: 0 | W25: 0 | X25: 0 | Y25: 0 | Z25: 0 | AA25: 0 | BZ25: Diesel | CA25: =S25 -> 0 | CB25: =T25 -> 15500 | CC25: =U25 -> 0 | CD25: =V25 -> 0 | CE25: =W25 -> 0 | CF25: =X25 -> 0 | CG25: =Y25 -> 0 | CH25: =Z25 -> 0 | CI25: =AA25 -> 0 | DO25: Diesel | DP25: =DP43-DP7 -> 0 | DQ25: =DQ43-DQ7 -> 16430 | DR25: =DR43-DR7 -> 0 | DS25: =DS43-DS7 -> 0 | DT25: =DT43-DT7 -> 0 | DU25: =DU43-DU7 -> 0 | DV25: =DV43-DV7 -> 0 | DW25: =DW43-DW7 -> 0 | DX25: =DX43-DX7 -> 0 | FW25: =DO25 -> Diesel | FX25: =DP25 -> 0 | FY25: =DQ25 -> 16430 | FZ25: =DR25 -> 0 | GA25: =DS25 -> 0 | GB25: =DT25 -> 0 | GC25: =DU25 -> 0 | GD25: =DV25 -> 0 | ... GF25: =DX25 -> 0 | HL25: Diesel | HM25: =FX25-X_Final_2000!S24 -> 0 | HN25: =FY25-X_Final_2000!T24 -> 0 | HO25: =FZ25-X_Final_2000!U24 -> 0 | HP25: =GA25-X_Final_2000!V24 -> 0 | HQ25: =GB25-X_Final_2000!W24 -> 0 | HR25: =GC25-X_Final_2000!X24 -> 0 | HS25: =GD25-X_Final_2000!Y24 -> 0 | HT25: =GE25-X_Final_2000!Z24 -> 0 | HU25: =GF25-X_Final_2000!AA24 -> 0
R26: Diesel [from Dist.] | S26: 0 | T26: 0 | U26: 0 | V26: 0 | W26: 0 | X26: 0 | Y26: 0 | Z26: 0 | AA26: 0 | BZ26: Diesel [from Dist.] | CA26: =S26 -> 0 | CB26: =T26 -> 0 | CC26: =U26 -> 0 | CD26: =V26 -> 0 | CE26: =W26 -> 0 | CF26: =X26 -> 0 | CG26: =Y26 -> 0 | CH26: =Z26 -> 0 | CI26: =AA26 -> 0 | DO26: Diesel [from Dist.] | DP26: =DP44-DP8 -> 0 | DQ26: =DQ44-DQ8 -> 0 | DR26: =DR44-DR8 -> 0 | DS26: =DS44-DS8 -> 0 | DT26: =DT44-DT8 -> 0 | DU26: =DU44-DU8 -> 0 | DV26: =DV44-DV8 -> 0 | DW26: =DW44-DW8 -> 0 | DX26: =DX44-DX8 -> 0 | FW26: =DO26 -> Diesel [from Dist.] | FX26: =DP26 -> 0 | FY26: =DQ26 -> 0 | FZ26: =DR26 -> 0 | GA26: =DS26 -> 0 | GB26: =DT26 -> 0 | GC26: =DU26 -> 0 | GD26: =DV26 -> 0 | ... GF26: =DX26 -> 0 | HL26: Diesel [from Dist.] | HM26: =FX26-X_Final_2000!S25 -> 0 | HN26: =FY26-X_Final_2000!T25 -> 0 | HO26: =FZ26-X_Final_2000!U25 -> 0 | HP26: =GA26-X_Final_2000!V25 -> 0 | HQ26: =GB26-X_Final_2000!W25 -> 0 | HR26: =GC26-X_Final_2000!X25 -> 0 | HS26: =GD26-X_Final_2000!Y25 -> 0 | HT26: =GE26-X_Final_2000!Z25 -> 0 | HU26: =GF26-X_Final_2000!AA25 -> 0
R27: Elect | S27: 0 | T27: 0 | U27: 6400 | V27: 0 | W27: 0 | X27: 0 | Y27: 0 | Z27: 0 | AA27: 0 | BZ27: Elect | CA27: =S27 -> 0 | CB27: =T27 -> 0 | CC27: =U27 -> 6400 | CD27: =V27 -> 0 | CE27: =W27 -> 0 | CF27: =X27 -> 0 | CG27: =Y27 -> 0 | CH27: =Z27 -> 0 | CI27: =AA27 -> 0 | DO27: Elect | DP27: =DP45-DP9 -> 0 | DQ27: =DQ45-DQ9 -> 0 | DR27: =DR45-DR9 -> 6400 | DS27: =DS45-DS9 -> 0 | DT27: =DT45-DT9 -> 0 | DU27: =DU45-DU9 -> 0 | DV27: =DV45-DV9 -> 0 | DW27: =DW45-DW9 -> 0 | DX27: =DX45-DX9 -> 0 | FW27: =DO27 -> Elect | FX27: =DP27 -> 0 | FY27: =DQ27 -> 0 | FZ27: =DR27 -> 6400 | GA27: =DS27 -> 0 | GB27: =DT27 -> 0 | GC27: =DU27 -> 0 | GD27: =DV27 -> 0 | ... GF27: =DX27 -> 0 | HL27: Elect | HM27: =FX27-X_Final_2000!S26 -> 0 | HN27: =FY27-X_Final_2000!T26 -> 0 | HO27: =FZ27-X_Final_2000!U26 -> 0 | HP27: =GA27-X_Final_2000!V26 -> 0 | HQ27: =GB27-X_Final_2000!W26 -> 0 | HR27: =GC27-X_Final_2000!X26 -> 0 | HS27: =GD27-X_Final_2000!Y26 -> 0 | HT27: =GE27-X_Final_2000!Z26 -> 0 | HU27: =GF27-X_Final_2000!AA26 -> 0
R28: Elect [from Grid] | S28: 0 | T28: 0 | U28: 0 | V28: 0 | W28: 0 | X28: 0 | Y28: 0 | Z28: 0 | AA28: 0 | BZ28: Elect [from Grid] | CA28: =S28 -> 0 | CB28: =T28 -> 0 | CC28: =U28 -> 0 | CD28: =V28 -> 0 | CE28: =W28 -> 0 | CF28: =X28 -> 0 | CG28: =Y28 -> 0 | CH28: =Z28 -> 0 | CI28: =AA28 -> 0 | DO28: Elect [from Grid] | DP28: =DP46-DP10 -> 0 | DQ28: =DQ46-DQ10 -> 0 | DR28: =DR46-DR10 -> 0 | DS28: =DS46-DS10 -> 0 | DT28: =DT46-DT10 -> 0 | DU28: =DU46-DU10 -> 0 | DV28: =DV46-DV10 -> 0 | DW28: =DW46-DW10 -> 0 | DX28: =DX46-DX10 -> 0 | FW28: =DO28 -> Elect [from Grid] | FX28: =DP28 -> 0 | FY28: =DQ28 -> 0 | FZ28: =DR28 -> 0 | GA28: =DS28 -> 0 | GB28: =DT28 -> 0 | GC28: =DU28 -> 0 | GD28: =DV28 -> 0 | ... GF28: =DX28 -> 0 | HL28: Elect [from Grid] | HM28: =FX28-X_Final_2000!S27 -> 0 | HN28: =FY28-X_Final_2000!T27 -> 0 | HO28: =FZ28-X_Final_2000!U27 -> 0 | HP28: =GA28-X_Final_2000!V27 -> 0 | HQ28: =GB28-X_Final_2000!W27 -> 0 | HR28: =GC28-X_Final_2000!X27 -> 0 | HS28: =GD28-X_Final_2000!Y27 -> 0 | HT28: =GE28-X_Final_2000!Z27 -> 0 | HU28: =GF28-X_Final_2000!AA27 -> 0
R29: MTH.200.C -> Transformation losses | S29: 0 | T29: 0 | U29: 0 | V29: 0 | W29: 0 | X29: 0 | Y29: 0 | Z29: 0 | AA29: 0 | BZ29: MTH.200.C -> Transformation losses | CA29: =S29 -> 0 | CB29: =T29 -> 0 | CC29: =U29 -> 0 | CD29: =V29 -> 0 | CE29: =W29 -> 0 | CF29: =X29 -> 0 | CG29: =Y29 -> 0 | CH29: =Z29 -> 0 | CI29: =AA29 -> 0 | DO29: MTH.200.C -> Transformation losses | DP29: =DP47-DP11 -> 0 | DQ29: =DQ47-DQ11 -> 0 | DR29: =DR47-DR11 -> 0 | DS29: =DS47-DS11 -> 0 | DT29: =DT47-DT11 -> 0 | DU29: =DU47-DU11 -> 0 | DV29: =DV47-DV11 -> 0 | DW29: =DW47-DW11 -> 0 | DX29: =DX47-DX11 -> 0 | FW29: =DO29 -> MTH.200.C -> Transformation losses | FX29: =DP29 -> 0 | FY29: =DQ29 -> 0 | FZ29: =DR29 -> 0 | GA29: =DS29 -> 0 | GB29: =DT29 -> 0 | GC29: =DU29 -> 0 | GD29: =DV29 -> 0 | ... GF29: =DX29 -> 0 | HL29: MTH.200.C -> Transformation losses | HM29: =FX29-X_Final_2000!S28 -> 0 | HN29: =FY29-X_Final_2000!T28 -> 0 | HO29: =FZ29-X_Final_2000!U28 -> 0 | HP29: =GA29-X_Final_2000!V28 -> 0 | HQ29: =GB29-X_Final_2000!W28 -> 0 | HR29: =GC29-X_Final_2000!X28 -> 0 | HS29: =GD29-X_Final_2000!Y28 -> 0 | HT29: =GE29-X_Final_2000!Z28 -> 0 | HU29: =GF29-X_Final_2000!AA28 -> 0
R30: NG | S30: 0 | T30: 0 | U30: 0 | V30: 43000 | W30: 0 | X30: 0 | Y30: 0 | Z30: 0 | AA30: 0 | BZ30: NG | CA30: =S30 -> 0 | CB30: =T30 -> 0 | CC30: =U30 -> 0 | CD30: =V30 -> 43000 | CE30: =W30 -> 0 | CF30: =X30 -> 0 | CG30: =Y30 -> 0 | CH30: =Z30 -> 0 | CI30: =AA30 -> 0 | DO30: NG | DP30: =DP48-DP12 -> 0 | DQ30: =DQ48-DQ12 -> 0 | DR30: =DR48-DR12 -> 0 | DS30: =DS48-DS12 -> 44720 | DT30: =DT48-DT12 -> 0 | DU30: =DU48-DU12 -> 0 | DV30: =DV48-DV12 -> 0 | DW30: =DW48-DW12 -> 0 | DX30: =DX48-DX12 -> 0 | FW30: =DO30 -> NG | FX30: =DP30 -> 0 | FY30: =DQ30 -> 0 | FZ30: =DR30 -> 0 | GA30: =DS30 -> 44720 | GB30: =DT30 -> 0 | GC30: =DU30 -> 0 | GD30: =DV30 -> 0 | ... GF30: =DX30 -> 0 | HL30: NG | HM30: =FX30-X_Final_2000!S29 -> 0 | HN30: =FY30-X_Final_2000!T29 -> 0 | HO30: =FZ30-X_Final_2000!U29 -> 0 | HP30: =GA30-X_Final_2000!V29 -> 0 | HQ30: =GB30-X_Final_2000!W29 -> 0 | HR30: =GC30-X_Final_2000!X29 -> 0 | HS30: =GD30-X_Final_2000!Y29 -> 0 | HT30: =GE30-X_Final_2000!Z29 -> 0 | HU30: =GF30-X_Final_2000!AA29 -> 0
R31: NG [from Dist.] | S31: 0 | T31: 0 | U31: 0 | V31: 0 | W31: 0 | X31: 0 | Y31: 0 | Z31: 0 | AA31: 16000 | BZ31: NG [from Dist.] | CA31: =S31 -> 0 | CB31: =T31 -> 0 | CC31: =U31 -> 0 | CD31: =V31 -> 0 | CE31: =W31 -> 0 | CF31: =X31 -> 0 | CG31: =Y31 -> 0 | CH31: =Z31 -> 0 | CI31: =AA31 -> 16000 | DO31: NG [from Dist.] | DP31: =DP49-DP13 -> 0 | DQ31: =DQ49-DQ13 -> 0 | DR31: =DR49-DR13 -> 0 | DS31: =DS49-DS13 -> 0 | DT31: =DT49-DT13 -> 0 | DU31: =DU49-DU13 -> 0 | DV31: =DV49-DV13 -> 0 | DW31: =DW49-DW13 -> 0 | DX31: =DX49-DX13 -> 16640 | FW31: =DO31 -> NG [from Dist.] | FX31: =DP31 -> 0 | FY31: =DQ31 -> 0 | FZ31: =DR31 -> 0 | GA31: =DS31 -> 0 | GB31: =DT31 -> 0 | GC31: =DU31 -> 0 | GD31: =DV31 -> 0 | ... GF31: =DX31 -> 16640 | HL31: NG [from Dist.] | HM31: =FX31-X_Final_2000!S30 -> 0 | HN31: =FY31-X_Final_2000!T30 -> 0 | HO31: =FZ31-X_Final_2000!U30 -> 0 | HP31: =GA31-X_Final_2000!V30 -> 0 | HQ31: =GB31-X_Final_2000!W30 -> 0 | HR31: =GC31-X_Final_2000!X30 -> 0 | HS31: =GD31-X_Final_2000!Y30 -> 0 | HT31: =GE31-X_Final_2000!Z30 -> 0 | HU31: =GF31-X_Final_2000!AA30 -> 0
R32: NG [from Wells] | S32: 0 | T32: 0 | U32: 0 | V32: 0 | W32: 41000 | X32: 0 | Y32: 0 | Z32: 0 | AA32: 0 | BZ32: NG [from Wells] | CA32: =S32 -> 0 | CB32: =T32 -> 0 | CC32: =U32 -> 0 | CD32: =V32 -> 0 | CE32: =W32 -> 41000 | CF32: =X32 -> 0 | CG32: =Y32 -> 0 | CH32: =Z32 -> 0 | CI32: =AA32 -> 0 | DO32: NG [from Wells] | DP32: =DP50-DP14 -> 0 | DQ32: =DQ50-DQ14 -> 0 | DR32: =DR50-DR14 -> 0 | DS32: =DS50-DS14 -> 0 | DT32: =DT50-DT14 -> 42640 | DU32: =DU50-DU14 -> 0 | DV32: =DV50-DV14 -> 0 | DW32: =DW50-DW14 -> 0 | DX32: =DX50-DX14 -> 0 | FW32: =DO32 -> NG [from Wells] | FX32: =DP32 -> 0 | FY32: =DQ32 -> 0 | FZ32: =DR32 -> 0 | GA32: =DS32 -> 0 | GB32: =DT32 -> 42640 | GC32: =DU32 -> 0 | GD32: =DV32 -> 0 | ... GF32: =DX32 -> 0 | HL32: NG [from Wells] | HM32: =FX32-X_Final_2000!S31 -> 0 | HN32: =FY32-X_Final_2000!T31 -> 0 | HO32: =FZ32-X_Final_2000!U31 -> 0 | HP32: =GA32-X_Final_2000!V31 -> 0 | HQ32: =GB32-X_Final_2000!W31 -> 0 | HR32: =GC32-X_Final_2000!X31 -> 0 | HS32: =GD32-X_Final_2000!Y31 -> 0 | HT32: =GE32-X_Final_2000!Z31 -> 0 | HU32: =GF32-X_Final_2000!AA31 -> 0
R33: Petrol | S33: 0 | T33: 0 | U33: 0 | V33: 0 | W33: 0 | X33: 0 | Y33: 0 | Z33: 26500 | AA33: 0 | BZ33: Petrol | CA33: =S33 -> 0 | CB33: =T33 -> 0 | CC33: =U33 -> 0 | CD33: =V33 -> 0 | CE33: =W33 -> 0 | CF33: =X33 -> 0 | CG33: =Y33 -> 0 | CH33: =Z33 -> 26500 | CI33: =AA33 -> 0 | DO33: Petrol | DP33: =DP51-DP15 -> 0 | DQ33: =DQ51-DQ15 -> 0 | DR33: =DR51-DR15 -> 0 | DS33: =DS51-DS15 -> 0 | DT33: =DT51-DT15 -> 0 | DU33: =DU51-DU15 -> 0 | DV33: =DV51-DV15 -> 0 | DW33: =DW51-DW15 -> 28090 | DX33: =DX51-DX15 -> 0 | FW33: =DO33 -> Petrol | FX33: =DP33 -> 0 | FY33: =DQ33 -> 0 | FZ33: =DR33 -> 0 | GA33: =DS33 -> 0 | GB33: =DT33 -> 0 | GC33: =DU33 -> 0 | GD33: =DV33 -> 0 | ... GF33: =DX33 -> 0 | HL33: Petrol | HM33: =FX33-X_Final_2000!S32 -> 0 | HN33: =FY33-X_Final_2000!T32 -> 0 | HO33: =FZ33-X_Final_2000!U32 -> 0 | HP33: =GA33-X_Final_2000!V32 -> 0 | HQ33: =GB33-X_Final_2000!W32 -> 0 | HR33: =GC33-X_Final_2000!X32 -> 0 | HS33: =GD33-X_Final_2000!Y32 -> 0 | HT33: =GE33-X_Final_2000!Z32 -> 0 | HU33: =GF33-X_Final_2000!AA32 -> 0
R34: Petrol [from Dist.] | S34: 0 | T34: 0 | U34: 0 | V34: 0 | W34: 0 | X34: 0 | Y34: 0 | Z34: 0 | AA34: 0 | BZ34: Petrol [from Dist.] | CA34: =S34 -> 0 | CB34: =T34 -> 0 | CC34: =U34 -> 0 | CD34: =V34 -> 0 | CE34: =W34 -> 0 | CF34: =X34 -> 0 | CG34: =Y34 -> 0 | CH34: =Z34 -> 0 | CI34: =AA34 -> 0 | DO34: Petrol [from Dist.] | DP34: =DP52-DP16 -> 0 | DQ34: =DQ52-DQ16 -> 0 | DR34: =DR52-DR16 -> 0 | DS34: =DS52-DS16 -> 0 | DT34: =DT52-DT16 -> 0 | DU34: =DU52-DU16 -> 0 | DV34: =DV52-DV16 -> 0 | DW34: =DW52-DW16 -> 0 | DX34: =DX52-DX16 -> 0 | FW34: =DO34 -> Petrol [from Dist.] | FX34: =DP34 -> 0 | FY34: =DQ34 -> 0 | FZ34: =DR34 -> 0 | GA34: =DS34 -> 0 | GB34: =DT34 -> 0 | GC34: =DU34 -> 0 | GD34: =DV34 -> 0 | ... GF34: =DX34 -> 0 | HL34: Petrol [from Dist.] | HM34: =FX34-X_Final_2000!S33 -> 0 | HN34: =FY34-X_Final_2000!T33 -> 0 | HO34: =FZ34-X_Final_2000!U33 -> 0 | HP34: =GA34-X_Final_2000!V33 -> 0 | HQ34: =GB34-X_Final_2000!W33 -> 0 | HR34: =GC34-X_Final_2000!X33 -> 0 | HS34: =GD34-X_Final_2000!Y33 -> 0 | HT34: =GE34-X_Final_2000!Z33 -> 0 | HU34: =GF34-X_Final_2000!AA33 -> 0
S35: U_feed | CA35: U_feed | DP35: U_feed | FX35: =DP35 -> U_feed | HM35: U_feed_Excel – U_feed_Recca
CA36: Unchanged | DP36: Now in exergy terms | FX36: Unchanged
S38: Crude dist. | T38: Diesel dist. | U38: Elect. grid | V38: Gas wells & proc. | W38: NG dist. | X38: Oil fields | Y38: Oil refineries | Z38: Petrol dist. | AA38: Power plants | AE38: Residential | AF38: Transport | CA38: Crude dist. | CB38: Diesel dist. | CC38: Elect. grid | CD38: Gas wells & proc. | CE38: NG dist. | CF38: Oil fields | CG38: Oil refineries | CH38: Petrol dist. | CI38: Power plants | CM38: Residential | CN38: Transformation losses | CO38: Transport | CY38: Crude | CZ38: Crude [from Dist.] | DA38: Crude [from Fields] | DB38: Destroyed exergy | DC38: Diesel | DD38: Diesel [from Dist.] | DE38: Elect | DF38: Elect [from Grid] | DG38: MTH.200.C -> Transformation losses | DH38: NG | DI38: NG [from Dist.] | DJ38: NG [from Wells] | DK38: Petrol | DL38: Petrol [from Dist.] | DP38: Crude dist. | DQ38: Diesel dist. | DR38: Elect. grid | DS38: Gas wells & proc. | DT38: NG dist. | DU38: Oil fields | DV38: Oil refineries | DW38: Petrol dist. | DX38: Power plants | EB38: Residential | EC38: Transformation losses | ED38: Transport | FX38: Crude dist. | FY38: Diesel dist. | FZ38: Elect. grid | GA38: Gas wells & proc. | GB38: NG dist. | GC38: Oil fields | GD38: Oil refineries | GE38: Petrol dist. | GF38: Power plants | GJ38: Irreversibilities | GK38: Residential | GL38: Transformation losses | GM38: Transport | HM38: Crude dist. | HN38: Diesel dist. | HO38: Elect. grid | HP38: Gas wells & proc. | HQ38: NG dist. | HR38: Oil fields | HS38: Oil refineries | HT38: Petrol dist. | HU38: Power plants | HY38: Irreversibilities | HZ38: Residential | IA38: Transformation losses | IB38: Transport
R39: Crude | S39: 0 | T39: 0 | U39: 0 | V39: 0 | W39: 0 | X39: 50000 | Y39: 0 | Z39: 0 | AA39: 0 | AD39: Crude | AE39: 0 | AF39: 0 | BZ39: Crude | CA39: =S39 -> 0 | CB39: =T39 -> 0 | CC39: =U39 -> 0 | CD39: =V39 -> 0 | CE39: =W39 -> 0 | CF39: =X39 -> 50000 | CG39: =Y39 -> 0 | CH39: =Z39 -> 0 | CI39: =AA39 -> 0 | CL39: Crude | CM39: =AE39 -> 0 | CN39: 0 | CO39: =AF39 -> 0 | CX39: Crude | CY39: 1.06 | CZ39: 0 | DA39: 0 | DB39: 0 | DC39: 0 | DD39: 0 | DE39: 0 | DF39: 0 | DG39: 0 | DH39: 0 | DI39: 0 | DJ39: 0 | DK39: 0 | DL39: 0 | DO39: Crude | DP39: {=MMULT(CY39:DL52, CA39:CI52)} -> 0 | DQ39: 0 | DR39: 0 | DS39: 0 | DT39: 0 | DU39: 53000 | DV39: 0 | DW39: 0 | DX39: 0 | EA39: Crude | EB39: {=MMULT(CY39:DL52, CM39:CO52)} -> 0 | EC39: 0 | ED39: 0 | FW39: Crude | FX39: =DP39 -> 0 | FY39: =DQ39 -> 0 | FZ39: =DR39 -> 0 | GA39: =DS39 -> 0 | GB39: =DT39 -> 0 | GC39: =DU39 -> 53000 | GD39: =DV39 -> 0 | GE39: =DW39 -> 0 | GF39: =DX39 -> 0 | GI39: Crude | GJ39: 0 | GK39: =EB39 -> 0 | GL39: =EC39 -> 0 | GM39: =ED39 -> 0 | HL39: Crude | HM39: =FX39-X_Final_2000!S38 -> 0 | HN39: =FY39-X_Final_2000!T38 -> 0 | HO39: =FZ39-X_Final_2000!U38 -> 0 | HP39: =GA39-X_Final_2000!V38 -> 0 | HQ39: =GB39-X_Final_2000!W38 -> 0 | HR39: =GC39-X_Final_2000!X38 -> 0 | HS39: =GD39-X_Final_2000!Y38 -> 0 | HT39: =GE39-X_Final_2000!Z38 -> 0 | HU39: =GF39-X_Final_2000!AA38 -> 0 | HX39: Crude | HY39: =GJ39-X_Final_2000!AE38 -> 0 | HZ39: =GK39-X_Final_2000!AF38 -> 0 | IA39: =GL39-X_Final_2000!AG38 -> 0 | IB39: =GM39-X_Final_2000!AH38 -> 0
R40: Crude [from Dist.] | S40: 500 | T40: 0 | U40: 0 | V40: 0 | W40: 0 | X40: 0 | Y40: 47000 | Z40: 0 | AA40: 0 | AD40: Crude [from Dist.] | AE40: 0 | AF40: 0 | BZ40: Crude [from Dist.] | CA40: =S40 -> 500 | CB40: =T40 -> 0 | CC40: =U40 -> 0 | CD40: =V40 -> 0 | CE40: =W40 -> 0 | CF40: =X40 -> 0 | CG40: =Y40 -> 47000 | CH40: =Z40 -> 0 | CI40: =AA40 -> 0 | CL40: Crude [from Dist.] | CM40: =AE40 -> 0 | CN40: 0 | CO40: =AF40 -> 0 | CX40: Crude [from Dist.] | CY40: 0 | CZ40: 1.06 | DA40: 0 | DB40: 0 | DC40: 0 | DD40: 0 | DE40: 0 | DF40: 0 | DG40: 0 | DH40: 0 | DI40: 0 | DJ40: 0 | DK40: 0 | DL40: 0 | DO40: Crude [from Dist.] | DP40: 530 | DQ40: 0 | DR40: 0 | DS40: 0 | DT40: 0 | DU40: 0 | DV40: 49820 | DW40: 0 | DX40: 0 | EA40: Crude [from Dist.] | EB40: 0 | EC40: 0 | ED40: 0 | FW40: Crude [from Dist.] | FX40: =DP40 -> 530 | FY40: =DQ40 -> 0 | FZ40: =DR40 -> 0 | GA40: =DS40 -> 0 | GB40: =DT40 -> 0 | GC40: =DU40 -> 0 | GD40: =DV40 -> 49820 | GE40: =DW40 -> 0 | GF40: =DX40 -> 0 | GI40: Crude [from Dist.] | GJ40: 0 | GK40: =EB40 -> 0 | GL40: =EC40 -> 0 | GM40: =ED40 -> 0 | HL40: Crude [from Dist.] | HM40: =FX40-X_Final_2000!S39 -> 0 | HN40: =FY40-X_Final_2000!T39 -> 0 | HO40: =FZ40-X_Final_2000!U39 -> 0 | HP40: =GA40-X_Final_2000!V39 -> 0 | HQ40: =GB40-X_Final_2000!W39 -> 0 | HR40: =GC40-X_Final_2000!X39 -> 0 | HS40: =GD40-X_Final_2000!Y39 -> 0 | HT40: =GE40-X_Final_2000!Z39 -> 0 | HU40: =GF40-X_Final_2000!AA39 -> 0 | HX40: Crude [from Dist.] | HY40: =GJ40-X_Final_2000!AE39 -> 0 | HZ40: =GK40-X_Final_2000!AF39 -> 0 | IA40: =GL40-X_Final_2000!AG39 -> 0 | IB40: =GM40-X_Final_2000!AH39 -> 0
R41: Crude [from Fields] | S41: 47500 | T41: 0 | U41: 0 | V41: 0 | W41: 0 | X41: 2500 | Y41: 0 | Z41: 0 | AA41: 0 | AD41: Crude [from Fields] | AE41: 0 | AF41: 0 | BZ41: Crude [from Fields] | CA41: =S41 -> 47500 | CB41: =T41 -> 0 | CC41: =U41 -> 0 | CD41: =V41 -> 0 | CE41: =W41 -> 0 | CF41: =X41 -> 2500 | CG41: =Y41 -> 0 | CH41: =Z41 -> 0 | CI41: =AA41 -> 0 | CL41: Crude [from Fields] | CM41: =AE41 -> 0 | CN41: 0 | CO41: =AF41 -> 0 | CX41: Crude [from Fields] | CY41: 0 | CZ41: 0 | DA41: 1.06 | DB41: 0 | DC41: 0 | DD41: 0 | DE41: 0 | DF41: 0 | DG41: 0 | DH41: 0 | DI41: 0 | DJ41: 0 | DK41: 0 | DL41: 0 | DO41: Crude [from Fields] | DP41: 50350 | DQ41: 0 | DR41: 0 | DS41: 0 | DT41: 0 | DU41: 2650 | DV41: 0 | DW41: 0 | DX41: 0 | EA41: Crude [from Fields] | EB41: 0 | EC41: 0 | ED41: 0 | FW41: Crude [from Fields] | FX41: =DP41 -> 50350 | FY41: =DQ41 -> 0 | FZ41: =DR41 -> 0 | GA41: =DS41 -> 0 | GB41: =DT41 -> 0 | GC41: =DU41 -> 2650 | GD41: =DV41 -> 0 | GE41: =DW41 -> 0 | GF41: =DX41 -> 0 | GI41: Crude [from Fields] | GJ41: 0 | GK41: =EB41 -> 0 | GL41: =EC41 -> 0 | GM41: =ED41 -> 0 | HL41: Crude [from Fields] | HM41: =FX41-X_Final_2000!S40 -> 0 | HN41: =FY41-X_Final_2000!T40 -> 0 | HO41: =FZ41-X_Final_2000!U40 -> 0 | HP41: =GA41-X_Final_2000!V40 -> 0 | HQ41: =GB41-X_Final_2000!W40 -> 0 | HR41: =GC41-X_Final_2000!X40 -> 0 | HS41: =GD41-X_Final_2000!Y40 -> 0 | HT41: =GE41-X_Final_2000!Z40 -> 0 | HU41: =GF41-X_Final_2000!AA40 -> 0 | HX41: Crude [from Fields] | HY41: =GJ41-X_Final_2000!AE40 -> 0 | HZ41: =GK41-X_Final_2000!AF40 -> 0 | IA41: =GL41-X_Final_2000!AG40 -> 0 | IB41: =GM41-X_Final_2000!AH40 -> 0
R42: Destroyed exergy | S42: 0 | T42: 0 | U42: 0 | V42: 0 | W42: 0 | X42: 0 | Y42: 0 | Z42: 0 | AA42: 0 | AD42: Destroyed exergy | AE42: 0 | AF42: 0 | BZ42: Destroyed exergy | CA42: =S42 -> 0 | CB42: =T42 -> 0 | CC42: =U42 -> 0 | CD42: =V42 -> 0 | CE42: =W42 -> 0 | CF42: =X42 -> 0 | CG42: =Y42 -> 0 | CH42: =Z42 -> 0 | CI42: =AA42 -> 0 | CL42: Destroyed exergy | CM42: 0 | CN42: 0 | CO42: 0 | CX42: Destroyed exergy | CY42: 0 | CZ42: 0 | DA42: 0 | DB42: 1 | DC42: 0 | DD42: 0 | DE42: 0 | DF42: 0 | DG42: 0 | DH42: 0 | DI42: 0 | DJ42: 0 | DK42: 0 | DL42: 0 | DO42: Destroyed exergy | DP42: 0 | DQ42: 0 | DR42: 0 | DS42: 0 | DT42: 0 | DU42: 0 | DV42: 0 | DW42: 0 | DX42: 0 | EA42: Destroyed exergy | EB42: 0 | EC42: 0 | ED42: 0 | FW42: Destroyed exergy | FX42: =DP42 -> 0 | FY42: =DQ42 -> 0 | FZ42: =DR42 -> 0 | GA42: =DS42 -> 0 | GB42: =DT42 -> 0 | GC42: =DU42 -> 0 | GD42: =DV42 -> 0 | GE42: =DW42 -> 0 | GF42: =DX42 -> 0 | GI42: Destroyed exergy | GJ42: =SUM(FC77:FC85) -> 14665.442 | GK42: =EB42 -> 0 | GL42: =EC42 -> 0 | GM42: =ED42 -> 0 | HL42: Destroyed exergy | HM42: =FX42-X_Final_2000!S41 -> 0 | HN42: =FY42-X_Final_2000!T41 -> 0 | HO42: =FZ42-X_Final_2000!U41 -> 0 | HP42: =GA42-X_Final_2000!V41 -> 0 | HQ42: =GB42-X_Final_2000!W41 -> 0 | HR42: =GC42-X_Final_2000!X41 -> 0 | HS42: =GD42-X_Final_2000!Y41 -> 0 | HT42: =GE42-X_Final_2000!Z41 -> 0 | HU42: =GF42-X_Final_2000!AA41 -> 0 | HX42: Destroyed exergy | HY42: =GJ42-X_Final_2000!AE41 -> 0 | HZ42: =GK42-X_Final_2000!AF41 -> 0 | IA42: =GL42-X_Final_2000!AG41 -> 0 | IB42: =GM42-X_Final_2000!AH41 -> 0
R43: Diesel | S43: 0 | T43: 15500 | U43: 0 | V43: 0 | W43: 0 | X43: 0 | Y43: 5000 | Z43: 0 | AA43: 0 | AD43: Diesel | AE43: 0 | AF43: 0 | BZ43: Diesel | CA43: =S43 -> 0 | CB43: =T43 -> 15500 | CC43: =U43 -> 0 | CD43: =V43 -> 0 | CE43: =W43 -> 0 | CF43: =X43 -> 0 | CG43: =Y43 -> 5000 | CH43: =Z43 -> 0 | CI43: =AA43 -> 0 | CL43: Diesel | CM43: =AE43 -> 0 | CN43: 0 | CO43: =AF43 -> 0 | CX43: Diesel | CY43: 0 | CZ43: 0 | DA43: 0 | DB43: 0 | DC43: 1.06 | DD43: 0 | DE43: 0 | DF43: 0 | DG43: 0 | DH43: 0 | DI43: 0 | DJ43: 0 | DK43: 0 | DL43: 0 | DO43: Diesel | DP43: 0 | DQ43: 16430 | DR43: 0 | DS43: 0 | DT43: 0 | DU43: 0 | DV43: 5300 | DW43: 0 | DX43: 0 | EA43: Diesel | EB43: 0 | EC43: 0 | ED43: 0 | FW43: Diesel | FX43: =DP43 -> 0 | FY43: =DQ43 -> 16430 | FZ43: =DR43 -> 0 | GA43: =DS43 -> 0 | GB43: =DT43 -> 0 | GC43: =DU43 -> 0 | GD43: =DV43 -> 5300 | GE43: =DW43 -> 0 | GF43: =DX43 -> 0 | GI43: Diesel | GJ43: 0 | GK43: =EB43 -> 0 | GL43: =EC43 -> 0 | GM43: =ED43 -> 0 | HL43: Diesel | HM43: =FX43-X_Final_2000!S42 -> 0 | HN43: =FY43-X_Final_2000!T42 -> 0 | HO43: =FZ43-X_Final_2000!U42 -> 0 | HP43: =GA43-X_Final_2000!V42 -> 0 | HQ43: =GB43-X_Final_2000!W42 -> 0 | HR43: =GC43-X_Final_2000!X42 -> 0 | HS43: =GD43-X_Final_2000!Y42 -> 0 | HT43: =GE43-X_Final_2000!Z42 -> 0 | HU43: =GF43-X_Final_2000!AA42 -> 0 | HX43: Diesel | HY43: =GJ43-X_Final_2000!AE42 -> 0 | HZ43: =GK43-X_Final_2000!AF42 -> 0 | IA43: =GL43-X_Final_2000!AG42 -> 0 | IB43: =GM43-X_Final_2000!AH42 -> 0
R44: Diesel [from Dist.] | S44: 25 | T44: 350 | U44: 0 | V44: 50 | W44: 25 | X44: 50 | Y44: 0 | Z44: 250 | AA44: 0 | AD44: Diesel [from Dist.] | AE44: 0 | AF44: 14750 | BZ44: Diesel [from Dist.] | CA44: =S44 -> 25 | CB44: =T44 -> 350 | CC44: =U44 -> 0 | CD44: =V44 -> 50 | CE44: =W44 -> 25 | CF44: =X44 -> 50 | CG44: =Y44 -> 0 | CH44: =Z44 -> 250 | CI44: =AA44 -> 0 | CL44: Diesel [from Dist.] | CM44: =AE44 -> 0 | CN44: 0 | CO44: =AF44 -> 14750 | CX44: Diesel [from Dist.] | CY44: 0 | CZ44: 0 | DA44: 0 | DB44: 0 | DC44: 0 | DD44: 1.06 | DE44: 0 | DF44: 0 | DG44: 0 | DH44: 0 | DI44: 0 | DJ44: 0 | DK44: 0 | DL44: 0 | DO44: Diesel [from Dist.] | DP44: 26.5 | DQ44: 371 | DR44: 0 | DS44: 53 | DT44: 26.5 | DU44: 53 | DV44: 0 | DW44: 265 | DX44: 0 | EA44: Diesel [from Dist.] | EB44: 0 | EC44: 0 | ED44: 15635 | FW44: Diesel [from Dist.] | FX44: =DP44 -> 26.5 | FY44: =DQ44 -> 371 | FZ44: =DR44 -> 0 | GA44: =DS44 -> 53 | GB44: =DT44 -> 26.5 | GC44: =DU44 -> 53 | GD44: =DV44 -> 0 | GE44: =DW44 -> 265 | GF44: =DX44 -> 0 | GI44: Diesel [from Dist.] | GJ44: 0 | GK44: =EB44 -> 0 | GL44: =EC44 -> 0 | GM44: =ED44 -> 15635 | HL44: Diesel [from Dist.] | HM44: =FX44-X_Final_2000!S43 -> 0 | HN44: =FY44-X_Final_2000!T43 -> 0 | HO44: =FZ44-X_Final_2000!U43 -> 0 | HP44: =GA44-X_Final_2000!V43 -> 0 | HQ44: =GB44-X_Final_2000!W43 -> 0 | HR44: =GC44-X_Final_2000!X43 -> 0 | HS44: =GD44-X_Final_2000!Y43 -> 0 | HT44: =GE44-X_Final_2000!Z43 -> 0 | HU44: =GF44-X_Final_2000!AA43 -> 0 | HX44: Diesel [from Dist.] | HY44: =GJ44-X_Final_2000!AE43 -> 0 | HZ44: =GK44-X_Final_2000!AF43 -> 0 | IA44: =GL44-X_Final_2000!AG43 -> 0 | IB44: =GM44-X_Final_2000!AH43 -> 0
R45: Elect | S45: 0 | T45: 0 | U45: 6400 | V45: 0 | W45: 0 | X45: 0 | Y45: 0 | Z45: 0 | AA45: 0 | AD45: Elect | AE45: 0 | AF45: 0 | BZ45: Elect | CA45: =S45 -> 0 | CB45: =T45 -> 0 | CC45: =U45 -> 6400 | CD45: =V45 -> 0 | CE45: =W45 -> 0 | CF45: =X45 -> 0 | CG45: =Y45 -> 0 | CH45: =Z45 -> 0 | CI45: =AA45 -> 0 | CL45: Elect | CM45: =AE45 -> 0 | CN45: 0 | CO45: =AF45 -> 0 | CX45: Elect | CY45: 0 | CZ45: 0 | DA45: 0 | DB45: 0 | DC45: 0 | DD45: 0 | DE45: 1 | DF45: 0 | DG45: 0 | DH45: 0 | DI45: 0 | DJ45: 0 | DK45: 0 | DL45: 0 | DO45: Elect | DP45: 0 | DQ45: 0 | DR45: 6400 | DS45: 0 | DT45: 0 | DU45: 0 | DV45: 0 | DW45: 0 | DX45: 0 | EA45: Elect | EB45: 0 | EC45: 0 | ED45: 0 | FW45: Elect | FX45: =DP45 -> 0 | FY45: =DQ45 -> 0 | FZ45: =DR45 -> 6400 | GA45: =DS45 -> 0 | GB45: =DT45 -> 0 | GC45: =DU45 -> 0 | GD45: =DV45 -> 0 | GE45: =DW45 -> 0 | GF45: =DX45 -> 0 | GI45: Elect | GJ45: 0 | GK45: =EB45 -> 0 | GL45: =EC45 -> 0 | GM45: =ED45 -> 0 | HL45: Elect | HM45: =FX45-X_Final_2000!S44 -> 0 | HN45: =FY45-X_Final_2000!T44 -> 0 | HO45: =FZ45-X_Final_2000!U44 -> 0 | HP45: =GA45-X_Final_2000!V44 -> 0 | HQ45: =GB45-X_Final_2000!W44 -> 0 | HR45: =GC45-X_Final_2000!X44 -> 0 | HS45: =GD45-X_Final_2000!Y44 -> 0 | HT45: =GE45-X_Final_2000!Z44 -> 0 | HU45: =GF45-X_Final_2000!AA44 -> 0 | HX45: Elect | HY45: =GJ45-X_Final_2000!AE44 -> 0 | HZ45: =GK45-X_Final_2000!AF44 -> 0 | IA45: =GL45-X_Final_2000!AG44 -> 0 | IB45: =GM45-X_Final_2000!AH44 -> 0
R46: Elect [from Grid] | S46: 25 | T46: 0 | U46: 0 | V46: 25 | W46: 25 | X46: 25 | Y46: 75 | Z46: 0 | AA46: 100 | AD46: Elect [from Grid] | AE46: 6000 | AF46: 0 | BZ46: Elect [from Grid] | CA46: =S46 -> 25 | CB46: =T46 -> 0 | CC46: =U46 -> 0 | CD46: =V46 -> 25 | CE46: =W46 -> 25 | CF46: =X46 -> 25 | CG46: =Y46 -> 75 | CH46: =Z46 -> 0 | CI46: =AA46 -> 100 | CL46: Elect [from Grid] | CM46: =AE46 -> 6000 | CN46: 0 | CO46: =AF46 -> 0 | CX46: Elect [from Grid] | CY46: 0 | CZ46: 0 | DA46: 0 | DB46: 0 | DC46: 0 | DD46: 0 | DE46: 0 | DF46: 1 | DG46: 0 | DH46: 0 | DI46: 0 | DJ46: 0 | DK46: 0 | DL46: 0 | DO46: Elect [from Grid] | DP46: 25 | DQ46: 0 | DR46: 0 | DS46: 25 | DT46: 25 | DU46: 25 | DV46: 75 | DW46: 0 | DX46: 100 | EA46: Elect [from Grid] | EB46: 6000 | EC46: 0 | ED46: 0 | FW46: Elect [from Grid] | FX46: =DP46 -> 25 | FY46: =DQ46 -> 0 | FZ46: =DR46 -> 0 | GA46: =DS46 -> 25 | GB46: =DT46 -> 25 | GC46: =DU46 -> 25 | GD46: =DV46 -> 75 | GE46: =DW46 -> 0 | GF46: =DX46 -> 100 | GI46: Elect [from Grid] | GJ46: 0 | GK46: =EB46 -> 6000 | GL46: =EC46 -> 0 | GM46: =ED46 -> 0 | HL46: Elect [from Grid] | HM46: =FX46-X_Final_2000!S45 -> 0 | HN46: =FY46-X_Final_2000!T45 -> 0 | HO46: =FZ46-X_Final_2000!U45 -> 0 | HP46: =GA46-X_Final_2000!V45 -> 0 | HQ46: =GB46-X_Final_2000!W45 -> 0 | HR46: =GC46-X_Final_2000!X45 -> 0 | HS46: =GD46-X_Final_2000!Y45 -> 0 | HT46: =GE46-X_Final_2000!Z45 -> 0 | HU46: =GF46-X_Final_2000!AA45 -> 0 | HX46: Elect [from Grid] | HY46: =GJ46-X_Final_2000!AE45 -> 0 | HZ46: =GK46-X_Final_2000!AF45 -> 0 | IA46: =GL46-X_Final_2000!AG45 -> 0 | IB46: =GM46-X_Final_2000!AH45 -> 0
R47: MTH.200.C -> Transformation losses | S47: 0 | T47: 0 | U47: 0 | V47: 0 | W47: 0 | X47: 0 | Y47: 0 | Z47: 0 | AA47: 0 | AD47: MTH.200.C -> Transformation losses | AE47: 0 | AF47: 0 | BZ47: MTH.200.C -> Transformation losses | CA47: =S47 -> 0 | CB47: =T47 -> 0 | CC47: =U47 -> 0 | CD47: =V47 -> 0 | CE47: =W47 -> 0 | CF47: =X47 -> 0 | CG47: =Y47 -> 0 | CH47: =Z47 -> 0 | CI47: =AA47 -> 0 | CL47: MTH.200.C -> Transformation losses | CM47: 0 | CN47: =SUM(BR57:BR65) -> 21250 | CO47: 0 | CX47: MTH.200.C -> Transformation losses | CY47: 0 | CZ47: 0 | DA47: 0 | DB47: 0 | DC47: 0 | DD47: 0 | DE47: 0 | DF47: 0 | DG47: 0.36986157 | DH47: 0 | DI47: 0 | DJ47: 0 | DK47: 0 | DL47: 0 | DO47: MTH.200.C -> Transformation losses | DP47: 0 | DQ47: 0 | DR47: 0 | DS47: 0 | DT47: 0 | DU47: 0 | DV47: 0 | DW47: 0 | DX47: 0 | EA47: MTH.200.C -> Transformation losses | EB47: 0 | EC47: 7859.5584 | ED47: 0 | FW47: MTH.200.C -> Transformation losses | FX47: =DP47 -> 0 | FY47: =DQ47 -> 0 | FZ47: =DR47 -> 0 | GA47: =DS47 -> 0 | GB47: =DT47 -> 0 | GC47: =DU47 -> 0 | GD47: =DV47 -> 0 | GE47: =DW47 -> 0 | GF47: =DX47 -> 0 | GI47: MTH.200.C -> Transformation losses | GJ47: 0 | GK47: =EB47 -> 0 | GL47: =EC47 -> 7859.5584 | GM47: =ED47 -> 0 | HL47: MTH.200.C -> Transformation losses | HM47: =FX47-X_Final_2000!S46 -> 0 | HN47: =FY47-X_Final_2000!T46 -> 0 | HO47: =FZ47-X_Final_2000!U46 -> 0 | HP47: =GA47-X_Final_2000!V46 -> 0 | HQ47: =GB47-X_Final_2000!W46 -> 0 | HR47: =GC47-X_Final_2000!X46 -> 0 | HS47: =GD47-X_Final_2000!Y46 -> 0 | HT47: =GE47-X_Final_2000!Z46 -> 0 | HU47: =GF47-X_Final_2000!AA46 -> 0 | HX47: MTH.200.C -> Transformation losses | HY47: =GJ47-X_Final_2000!AE46 -> 0 | HZ47: =GK47-X_Final_2000!AF46 -> 0 | IA47: =GL47-X_Final_2000!AG46 -> 0 | IB47: =GM47-X_Final_2000!AH46 -> 0
R48: NG | S48: 0 | T48: 0 | U48: 0 | V48: 43000 | W48: 0 | X48: 0 | Y48: 0 | Z48: 0 | AA48: 0 | AD48: NG | AE48: 0 | AF48: 0 | BZ48: NG | CA48: =S48 -> 0 | CB48: =T48 -> 0 | CC48: =U48 -> 0 | CD48: =V48 -> 43000 | CE48: =W48 -> 0 | CF48: =X48 -> 0 | CG48: =Y48 -> 0 | CH48: =Z48 -> 0 | CI48: =AA48 -> 0 | CL48: NG | CM48: =AE48 -> 0 | CN48: 0 | CO48: =AF48 -> 0 | CX48: NG | CY48: 0 | CZ48: 0 | DA48: 0 | DB48: 0 | DC48: 0 | DD48: 0 | DE48: 0 | DF48: 0 | DG48: 0 | DH48: 1.04 | DI48: 0 | DJ48: 0 | DK48: 0 | DL48: 0 | DO48: NG | DP48: 0 | DQ48: 0 | DR48: 0 | DS48: 44720 | DT48: 0 | DU48: 0 | DV48: 0 | DW48: 0 | DX48: 0 | EA48: NG | EB48: 0 | EC48: 0 | ED48: 0 | FW48: NG | FX48: =DP48 -> 0 | FY48: =DQ48 -> 0 | FZ48: =DR48 -> 0 | GA48: =DS48 -> 44720 | GB48: =DT48 -> 0 | GC48: =DU48 -> 0 | GD48: =DV48 -> 0 | GE48: =DW48 -> 0 | GF48: =DX48 -> 0 | GI48: NG | GJ48: 0 | GK48: =EB48 -> 0 | GL48: =EC48 -> 0 | GM48: =ED48 -> 0 | HL48: NG | HM48: =FX48-X_Final_2000!S47 -> 0 | HN48: =FY48-X_Final_2000!T47 -> 0 | HO48: =FZ48-X_Final_2000!U47 -> 0 | HP48: =GA48-X_Final_2000!V47 -> 0 | HQ48: =GB48-X_Final_2000!W47 -> 0 | HR48: =GC48-X_Final_2000!X47 -> 0 | HS48: =GD48-X_Final_2000!Y47 -> 0 | HT48: =GE48-X_Final_2000!Z47 -> 0 | HU48: =GF48-X_Final_2000!AA47 -> 0 | HX48: NG | HY48: =GJ48-X_Final_2000!AE47 -> 0 | HZ48: =GK48-X_Final_2000!AF47 -> 0 | IA48: =GL48-X_Final_2000!AG47 -> 0 | IB48: =GM48-X_Final_2000!AH47 -> 0
R49: NG [from Dist.] | S49: 0 | T49: 0 | U49: 0 | V49: 0 | W49: 0 | X49: 0 | Y49: 0 | Z49: 0 | AA49: 16000 | AD49: NG [from Dist.] | AE49: 25000 | AF49: 0 | BZ49: NG [from Dist.] | CA49: =S49 -> 0 | CB49: =T49 -> 0 | CC49: =U49 -> 0 | CD49: =V49 -> 0 | CE49: =W49 -> 0 | CF49: =X49 -> 0 | CG49: =Y49 -> 0 | CH49: =Z49 -> 0 | CI49: =AA49 -> 16000 | CL49: NG [from Dist.] | CM49: =AE49 -> 25000 | CN49: 0 | CO49: =AF49 -> 0 | CX49: NG [from Dist.] | CY49: 0 | CZ49: 0 | DA49: 0 | DB49: 0 | DC49: 0 | DD49: 0 | DE49: 0 | DF49: 0 | DG49: 0 | DH49: 0 | DI49: 1.04 | DJ49: 0 | DK49: 0 | DL49: 0 | DO49: NG [from Dist.] | DP49: 0 | DQ49: 0 | DR49: 0 | DS49: 0 | DT49: 0 | DU49: 0 | DV49: 0 | DW49: 0 | DX49: 16640 | EA49: NG [from Dist.] | EB49: 26000 | EC49: 0 | ED49: 0 | FW49: NG [from Dist.] | FX49: =DP49 -> 0 | FY49: =DQ49 -> 0 | FZ49: =DR49 -> 0 | GA49: =DS49 -> 0 | GB49: =DT49 -> 0 | GC49: =DU49 -> 0 | GD49: =DV49 -> 0 | GE49: =DW49 -> 0 | GF49: =DX49 -> 16640 | GI49: NG [from Dist.] | GJ49: 0 | GK49: =EB49 -> 26000 | GL49: =EC49 -> 0 | GM49: =ED49 -> 0 | HL49: NG [from Dist.] | HM49: =FX49-X_Final_2000!S48 -> 0 | HN49: =FY49-X_Final_2000!T48 -> 0 | HO49: =FZ49-X_Final_2000!U48 -> 0 | HP49: =GA49-X_Final_2000!V48 -> 0 | HQ49: =GB49-X_Final_2000!W48 -> 0 | HR49: =GC49-X_Final_2000!X48 -> 0 | HS49: =GD49-X_Final_2000!Y48 -> 0 | HT49: =GE49-X_Final_2000!Z48 -> 0 | HU49: =GF49-X_Final_2000!AA48 -> 0 | HX49: NG [from Dist.] | HY49: =GJ49-X_Final_2000!AE48 -> 0 | HZ49: =GK49-X_Final_2000!AF48 -> 0 | IA49: =GL49-X_Final_2000!AG48 -> 0 | IB49: =GM49-X_Final_2000!AH48 -> 0
R50: NG [from Wells] | S50: 0 | T50: 0 | U50: 0 | V50: 2000 | W50: 41000 | X50: 0 | Y50: 0 | Z50: 0 | AA50: 0 | AD50: NG [from Wells] | AE50: 0 | AF50: 0 | BZ50: NG [from Wells] | CA50: =S50 -> 0 | CB50: =T50 -> 0 | CC50: =U50 -> 0 | CD50: =V50 -> 2000 | CE50: =W50 -> 41000 | CF50: =X50 -> 0 | CG50: =Y50 -> 0 | CH50: =Z50 -> 0 | CI50: =AA50 -> 0 | CL50: NG [from Wells] | CM50: =AE50 -> 0 | CN50: 0 | CO50: =AF50 -> 0 | CX50: NG [from Wells] | CY50: 0 | CZ50: 0 | DA50: 0 | DB50: 0 | DC50: 0 | DD50: 0 | DE50: 0 | DF50: 0 | DG50: 0 | DH50: 0 | DI50: 0 | DJ50: 1.04 | DK50: 0 | DL50: 0 | DO50: NG [from Wells] | DP50: 0 | DQ50: 0 | DR50: 0 | DS50: 2080 | DT50: 42640 | DU50: 0 | DV50: 0 | DW50: 0 | DX50: 0 | EA50: NG [from Wells] | EB50: 0 | EC50: 0 | ED50: 0 | FW50: NG [from Wells] | FX50: =DP50 -> 0 | FY50: =DQ50 -> 0 | FZ50: =DR50 -> 0 | GA50: =DS50 -> 2080 | GB50: =DT50 -> 42640 | GC50: =DU50 -> 0 | GD50: =DV50 -> 0 | GE50: =DW50 -> 0 | GF50: =DX50 -> 0 | GI50: NG [from Wells] | GJ50: 0 | GK50: =EB50 -> 0 | GL50: =EC50 -> 0 | GM50: =ED50 -> 0 | HL50: NG [from Wells] | HM50: =FX50-X_Final_2000!S49 -> 0 | HN50: =FY50-X_Final_2000!T49 -> 0 | HO50: =FZ50-X_Final_2000!U49 -> 0 | HP50: =GA50-X_Final_2000!V49 -> 0 | HQ50: =GB50-X_Final_2000!W49 -> 0 | HR50: =GC50-X_Final_2000!X49 -> 0 | HS50: =GD50-X_Final_2000!Y49 -> 0 | HT50: =GE50-X_Final_2000!Z49 -> 0 | HU50: =GF50-X_Final_2000!AA49 -> 0 | HX50: NG [from Wells] | HY50: =GJ50-X_Final_2000!AE49 -> 0 | HZ50: =GK50-X_Final_2000!AF49 -> 0 | IA50: =GL50-X_Final_2000!AG49 -> 0 | IB50: =GM50-X_Final_2000!AH49 -> 0
R51: Petrol | S51: 0 | T51: 0 | U51: 0 | V51: 0 | W51: 0 | X51: 0 | Y51: 0 | Z51: 26500 | AA51: 0 | AD51: Petrol | AE51: 0 | AF51: 0 | BZ51: Petrol | CA51: =S51 -> 0 | CB51: =T51 -> 0 | CC51: =U51 -> 0 | CD51: =V51 -> 0 | CE51: =W51 -> 0 | CF51: =X51 -> 0 | CG51: =Y51 -> 0 | CH51: =Z51 -> 26500 | CI51: =AA51 -> 0 | CL51: Petrol | CM51: =AE51 -> 0 | CN51: 0 | CO51: =AF51 -> 0 | CX51: Petrol | CY51: 0 | CZ51: 0 | DA51: 0 | DB51: 0 | DC51: 0 | DD51: 0 | DE51: 0 | DF51: 0 | DG51: 0 | DH51: 0 | DI51: 0 | DJ51: 0 | DK51: 1.06 | DL51: 0 | DO51: Petrol | DP51: 0 | DQ51: 0 | DR51: 0 | DS51: 0 | DT51: 0 | DU51: 0 | DV51: 0 | DW51: 28090 | DX51: 0 | EA51: Petrol | EB51: 0 | EC51: 0 | ED51: 0 | FW51: Petrol | FX51: =DP51 -> 0 | FY51: =DQ51 -> 0 | FZ51: =DR51 -> 0 | GA51: =DS51 -> 0 | GB51: =DT51 -> 0 | GC51: =DU51 -> 0 | GD51: =DV51 -> 0 | GE51: =DW51 -> 28090 | GF51: =DX51 -> 0 | GI51: Petrol | GJ51: 0 | GK51: =EB51 -> 0 | GL51: =EC51 -> 0 | GM51: =ED51 -> 0 | HL51: Petrol | HM51: =FX51-X_Final_2000!S50 -> 0 | HN51: =FY51-X_Final_2000!T50 -> 0 | HO51: =FZ51-X_Final_2000!U50 -> 0 | HP51: =GA51-X_Final_2000!V50 -> 0 | HQ51: =GB51-X_Final_2000!W50 -> 0 | HR51: =GC51-X_Final_2000!X50 -> 0 | HS51: =GD51-X_Final_2000!Y50 -> 0 | HT51: =GE51-X_Final_2000!Z50 -> 0 | HU51: =GF51-X_Final_2000!AA50 -> 0 | HX51: Petrol | HY51: =GJ51-X_Final_2000!AE50 -> 0 | HZ51: =GK51-X_Final_2000!AF50 -> 0 | IA51: =GL51-X_Final_2000!AG50 -> 0 | IB51: =GM51-X_Final_2000!AH50 -> 0
A52: https://doi.org/10.1016/j.apenergy.2018.05.109 | R52: Petrol [from Dist.] | S52: 0 | T52: 0 | U52: 0 | V52: 0 | W52: 0 | X52: 0 | Y52: 0 | Z52: 500 | AA52: 0 | AD52: Petrol [from Dist.] | AE52: 0 | AF52: 26000 | BZ52: Petrol [from Dist.] | CA52: =S52 -> 0 | CB52: =T52 -> 0 | CC52: =U52 -> 0 | CD52: =V52 -> 0 | CE52: =W52 -> 0 | CF52: =X52 -> 0 | CG52: =Y52 -> 0 | CH52: =Z52 -> 500 | CI52: =AA52 -> 0 | CL52: Petrol [from Dist.] | CM52: =AE52 -> 0 | CN52: 0 | CO52: =AF52 -> 26000 | CX52: Petrol [from Dist.] | CY52: 0 | CZ52: 0 | DA52: 0 | DB52: 0 | DC52: 0 | DD52: 0 | DE52: 0 | DF52: 0 | DG52: 0 | DH52: 0 | DI52: 0 | DJ52: 0 | DK52: 0 | DL52: 1.06 | DO52: Petrol [from Dist.] | DP52: 0 | DQ52: 0 | DR52: 0 | DS52: 0 | DT52: 0 | DU52: 0 | DV52: 0 | DW52: 530 | DX52: 0 | EA52: Petrol [from Dist.] | EB52: 0 | EC52: 0 | ED52: 27560 | FW52: Petrol [from Dist.] | FX52: =DP52 -> 0 | FY52: =DQ52 -> 0 | FZ52: =DR52 -> 0 | GA52: =DS52 -> 0 | GB52: =DT52 -> 0 | GC52: =DU52 -> 0 | GD52: =DV52 -> 0 | GE52: =DW52 -> 530 | GF52: =DX52 -> 0 | GI52: Petrol [from Dist.] | GJ52: 0 | GK52: =EB52 -> 0 | GL52: =EC52 -> 0 | GM52: =ED52 -> 27560 | HL52: Petrol [from Dist.] | HM52: =FX52-X_Final_2000!S51 -> 0 | HN52: =FY52-X_Final_2000!T51 -> 0 | HO52: =FZ52-X_Final_2000!U51 -> 0 | HP52: =GA52-X_Final_2000!V51 -> 0 | HQ52: =GB52-X_Final_2000!W51 -> 0 | HR52: =GC52-X_Final_2000!X51 -> 0 | HS52: =GD52-X_Final_2000!Y51 -> 0 | HT52: =GE52-X_Final_2000!Z51 -> 0 | HU52: =GF52-X_Final_2000!AA51 -> 0 | HX52: Petrol [from Dist.] | HY52: =GJ52-X_Final_2000!AE51 -> 0 | HZ52: =GK52-X_Final_2000!AF51 -> 0 | IA52: =GL52-X_Final_2000!AG51 -> 0 | IB52: =GM52-X_Final_2000!AH51 -> 0
S53: U | AE53: Y | CA53: U | CM53: Y | CY53: phi_hat | DP53: U | EB53: Y | FX53: U | GJ53: Y | HM53: U_Excel – U_Recca | HY53: Y_Excel – Y_Recca
CA54: Unchanged | CM54: Now includes waste heat | CY54: Use for converting to exergy | DP54: Now in exergy terms | EB54: Now in exergy terms | FX54: Unchanged | GJ54: Now includes destroyed exergy (irreversibilities)
B56: Crude | C56: Crude [from Dist.] | D56: Crude [from Fields] | E56: Destroyed exergy | F56: Diesel | G56: Diesel [from Dist.] | H56: Elect | I56: Elect [from Grid] | J56: MTH.200.C -> Transformation losses | K56: NG | L56: NG [from Dist.] | M56: NG [from Wells] | N56: Petrol | O56: Petrol [from Dist.] | BJ56: Crude | BK56: Crude [from Dist.] | BL56: Crude [from Fields] | BM56: Destroyed exergy | BN56: Diesel | BO56: Diesel [from Dist.] | BP56: Elect | BQ56: Elect [from Grid] | BR56: MTH.200.C -> Transformation losses | BS56: NG | BT56: NG [from Dist.] | BU56: NG [from Wells] | BV56: Petrol | BW56: Petrol [from Dist.] | CY56: Crude | CZ56: Crude [from Dist.] | DA56: Crude [from Fields] | DB56: Destroyed exergy | DC56: Diesel | DD56: Diesel [from Dist.] | DE56: Elect | DF56: Elect [from Grid] | DG56: MTH.200.C -> Transformation losses | DH56: NG | DI56: NG [from Dist.] | DJ56: NG [from Wells] | DK56: Petrol | DL56: Petrol [from Dist.] | FG56: Crude | FH56: Crude [from Dist.] | FI56: Crude [from Fields] | FJ56: Destroyed exergy | FK56: Diesel | FL56: Diesel [from Dist.] | FM56: Elect | FN56: Elect [from Grid] | FO56: MTH.200.C -> Transformation losses | FP56: NG | FQ56: NG [from Dist.] | FR56: NG [from Wells] | FS56: Petrol | FT56: Petrol [from Dist.] | GV56: Crude | GW56: Crude [from Dist.] | GX56: Crude [from Fields] | GY56: Destroyed exergy | GZ56: Diesel | HA56: Diesel [from Dist.] | HB56: Elect | HC56: Elect [from Grid] | HD56: MTH.200.C -> Transformation losses | HE56: NG | HF56: NG [from Dist.] | HG56: NG [from Wells] | HH56: Petrol | HI56: Petrol [from Dist.]
A57: Crude dist. | B57: 0 | C57: 47500 | D57: 0 | E57: 0 | F57: 0 | G57: 0 | H57: 0 | I57: 0 | J57: 0 | K57: 0 | L57: 0 | M57: 0 | N57: 0 | O57: 0 | BI57: Crude dist. | BJ57: =B57 -> 0 | BK57: =C57 -> 47500 | BL57: =D57 -> 0 | BM57: 0 | BN57: =F57 -> 0 | BO57: =G57 -> 0 | BP57: =H57 -> 0 | BQ57: =I57 -> 0 | BR57: =BF77 -> 550 | BS57: =K57 -> 0 | BT57: =L57 -> 0 | BU57: =M57 -> 0 | BV57: =N57 -> 0 | BW57: =O57 -> 0 | CX57: Crude dist. | CY57: {=MMULT(BJ57:BW65, CY39:DL52)} -> 0 | CZ57: 50350 | DA57: 0 | DB57: 0 | DC57: 0 | DD57: 0 | DE57: 0 | DF57: 0 | DG57: 203.42386 | DH57: 0 | DI57: 0 | DJ57: 0 | DK57: 0 | DL57: 0 | FF57: Crude dist. | FG57: =CY57 -> 0 | FH57: =CZ57 -> 50350 | FI57: =DA57 -> 0 | FJ57: =FC77 -> 378.07614 | FK57: =DC57 -> 0 | FL57: =DD57 -> 0 | FM57: =DE57 -> 0 | FN57: =DF57 -> 0 | FO57: =DG57 -> 203.42386 | FP57: =DH57 -> 0 | FQ57: =DI57 -> 0 | FR57: =DJ57 -> 0 | ... FT57: =DL57 -> 0 | GU57: Crude dist. | GV57: =FG57-X_Final_2000!B56 -> 0 | GW57: =FH57-X_Final_2000!C56 -> 0 | GX57: =FI57-X_Final_2000!D56 -> 0 | GY57: =FJ57-X_Final_2000!E56 -> 0 | GZ57: =FK57-X_Final_2000!F56 -> 0 | HA57: =FL57-X_Final_2000!G56 -> 0 | HB57: =FM57-X_Final_2000!H56 -> 0 | HC57: =FN57-X_Final_2000!I56 -> 0 | ... HI57: =FT57-X_Final_2000!O56 -> 0
A58: Diesel dist. | B58: 0 | C58: 0 | D58: 0 | E58: 0 | F58: 0 | G58: 15500 | H58: 0 | I58: 0 | J58: 0 | K58: 0 | L58: 0 | M58: 0 | N58: 0 | O58: 0 | BI58: Diesel dist. | BJ58: =B58 -> 0 | BK58: =C58 -> 0 | BL58: =D58 -> 0 | BM58: 0 | BN58: =F58 -> 0 | BO58: =G58 -> 15500 | BP58: =H58 -> 0 | BQ58: =I58 -> 0 | BR58: =BF78 -> 350 | BS58: =K58 -> 0 | BT58: =L58 -> 0 | BU58: =M58 -> 0 | BV58: =N58 -> 0 | BW58: =O58 -> 0 | CX58: Diesel dist. | CY58: 0 | CZ58: 0 | DA58: 0 | DB58: 0 | DC58: 0 | DD58: 16430 | DE58: 0 | DF58: 0 | DG58: 129.45155 | DH58: 0 | DI58: 0 | DJ58: 0 | DK58: 0 | DL58: 0 | FF58: Diesel dist. | FG58: =CY58 -> 0 | FH58: =CZ58 -> 0 | FI58: =DA58 -> 0 | FJ58: =FC78 -> 241.54845 | FK58: =DC58 -> 0 | FL58: =DD58 -> 16430 | FM58: =DE58 -> 0 | FN58: =DF58 -> 0 | FO58: =DG58 -> 129.45155 | FP58: =DH58 -> 0 | FQ58: =DI58 -> 0 | FR58: =DJ58 -> 0 | ... FT58: =DL58 -> 0 | GU58: Diesel dist. | GV58: =FG58-X_Final_2000!B57 -> 0 | GW58: =FH58-X_Final_2000!C57 -> 0 | GX58: =FI58-X_Final_2000!D57 -> 0 | GY58: =FJ58-X_Final_2000!E57 -> 0 | GZ58: =FK58-X_Final_2000!F57 -> 0 | HA58: =FL58-X_Final_2000!G57 -> 0 | HB58: =FM58-X_Final_2000!H57 -> 0 | HC58: =FN58-X_Final_2000!I57 -> 0 | ... HI58: =FT58-X_Final_2000!O57 -> 0
A59: Elect. grid | B59: 0 | C59: 0 | D59: 0 | E59: 0 | F59: 0 | G59: 0 | H59: 0 | I59: 6275 | J59: 0 | K59: 0 | L59: 0 | M59: 0 | N59: 0 | O59: 0 | BI59: Elect. grid | BJ59: =B59 -> 0 | BK59: =C59 -> 0 | BL59: =D59 -> 0 | BM59: 0 | BN59: =F59 -> 0 | BO59: =G59 -> 0 | BP59: =H59 -> 0 | BQ59: =I59 -> 6275 | BR59: =BF79 -> 125 | BS59: =K59 -> 0 | BT59: =L59 -> 0 | BU59: =M59 -> 0 | BV59: =N59 -> 0 | BW59: =O59 -> 0 | CX59: Elect. grid | CY59: 0 | CZ59: 0 | DA59: 0 | DB59: 0 | DC59: 0 | DD59: 0 | DE59: 0 | DF59: 6275 | DG59: 46.232696 | DH59: 0 | DI59: 0 | DJ59: 0 | DK59: 0 | DL59: 0 | FF59: Elect. grid | FG59: =CY59 -> 0 | FH59: =CZ59 -> 0 | FI59: =DA59 -> 0 | FJ59: =FC79 -> 78.767304 | FK59: =DC59 -> 0 | FL59: =DD59 -> 0 | FM59: =DE59 -> 0 | FN59: =DF59 -> 6275 | FO59: =DG59 -> 46.232696 | FP59: =DH59 -> 0 | FQ59: =DI59 -> 0 | FR59: =DJ59 -> 0 | ... FT59: =DL59 -> 0 | GU59: Elect. grid | GV59: =FG59-X_Final_2000!B58 -> 0 | GW59: =FH59-X_Final_2000!C58 -> 0 | GX59: =FI59-X_Final_2000!D58 -> 0 | GY59: =FJ59-X_Final_2000!E58 -> 0 | GZ59: =FK59-X_Final_2000!F58 -> 0 | HA59: =FL59-X_Final_2000!G58 -> 0 | HB59: =FM59-X_Final_2000!H58 -> 0 | HC59: =FN59-X_Final_2000!I58 -> 0 | ... HI59: =FT59-X_Final_2000!O58 -> 0
A60: Gas wells & proc. | B60: 0 | C60: 0 | D60: 0 | E60: 0 | F60: 0 | G60: 0 | H60: 0 | I60: 0 | J60: 0 | K60: 0 | L60: 0 | M60: 43000 | N60: 0 | O60: 0 | BI60: Gas wells & proc. | BJ60: =B60 -> 0 | BK60: =C60 -> 0 | BL60: =D60 -> 0 | BM60: 0 | BN60: =F60 -> 0 | BO60: =G60 -> 0 | BP60: =H60 -> 0 | BQ60: =I60 -> 0 | BR60: =BF80 -> 2075 | BS60: =K60 -> 0 | BT60: =L60 -> 0 | BU60: =M60 -> 43000 | BV60: =N60 -> 0 | BW60: =O60 -> 0 | CX60: Gas wells & proc. | CY60: 0 | CZ60: 0 | DA60: 0 | DB60: 0 | DC60: 0 | DD60: 0 | DE60: 0 | DF60: 0 | DG60: 767.46276 | DH60: 0 | DI60: 0 | DJ60: 44720 | DK60: 0 | DL60: 0 | FF60: Gas wells & proc. | FG60: =CY60 -> 0 | FH60: =CZ60 -> 0 | FI60: =DA60 -> 0 | FJ60: =FC80 -> 1390.5372 | FK60: =DC60 -> 0 | FL60: =DD60 -> 0 | FM60: =DE60 -> 0 | FN60: =DF60 -> 0 | FO60: =DG60 -> 767.46276 | FP60: =DH60 -> 0 | FQ60: =DI60 -> 0 | FR60: =DJ60 -> 44720 | ... FT60: =DL60 -> 0 | GU60: Gas wells & proc. | GV60: =FG60-X_Final_2000!B59 -> 0 | GW60: =FH60-X_Final_2000!C59 -> 0 | GX60: =FI60-X_Final_2000!D59 -> 0 | GY60: =FJ60-X_Final_2000!E59 -> 0 | GZ60: =FK60-X_Final_2000!F59 -> 0 | HA60: =FL60-X_Final_2000!G59 -> 0 | HB60: =FM60-X_Final_2000!H59 -> 0 | HC60: =FN60-X_Final_2000!I59 -> 0 | ... HI60: =FT60-X_Final_2000!O59 -> 0
A61: NG dist. | B61: 0 | C61: 0 | D61: 0 | E61: 0 | F61: 0 | G61: 0 | H61: 0 | I61: 0 | J61: 0 | K61: 0 | L61: 41000 | M61: 0 | N61: 0 | O61: 0 | BI61: NG dist. | BJ61: =B61 -> 0 | BK61: =C61 -> 0 | BL61: =D61 -> 0 | BM61: 0 | BN61: =F61 -> 0 | BO61: =G61 -> 0 | BP61: =H61 -> 0 | BQ61: =I61 -> 0 | BR61: =BF81 -> 50 | BS61: =K61 -> 0 | BT61: =L61 -> 41000 | BU61: =M61 -> 0 | BV61: =N61 -> 0 | BW61: =O61 -> 0 | CX61: NG dist. | CY61: 0 | CZ61: 0 | DA61: 0 | DB61: 0 | DC61: 0 | DD61: 0 | DE61: 0 | DF61: 0 | DG61: 18.493078 | DH61: 0 | DI61: 42640 | DJ61: 0 | DK61: 0 | DL61: 0 | FF61: NG dist. | FG61: =CY61 -> 0 | FH61: =CZ61 -> 0 | FI61: =DA61 -> 0 | FJ61: =FC81 -> 33.006921 | FK61: =DC61 -> 0 | FL61: =DD61 -> 0 | FM61: =DE61 -> 0 | FN61: =DF61 -> 0 | FO61: =DG61 -> 18.493078 | FP61: =DH61 -> 0 | FQ61: =DI61 -> 42640 | FR61: =DJ61 -> 0 | ... FT61: =DL61 -> 0 | GU61: NG dist. | GV61: =FG61-X_Final_2000!B60 -> 0 | GW61: =FH61-X_Final_2000!C60 -> 0 | GX61: =FI61-X_Final_2000!D60 -> 0 | GY61: =FJ61-X_Final_2000!E60 -> 0 | GZ61: =FK61-X_Final_2000!F60 -> 0 | HA61: =FL61-X_Final_2000!G60 -> 0 | HB61: =FM61-X_Final_2000!H60 -> 0 | HC61: =FN61-X_Final_2000!I60 -> 0 | ... HI61: =FT61-X_Final_2000!O60 -> 0
A62: Oil fields | B62: 0 | C62: 0 | D62: 50000 | E62: 0 | F62: 0 | G62: 0 | H62: 0 | I62: 0 | J62: 0 | K62: 0 | L62: 0 | M62: 0 | N62: 0 | O62: 0 | BI62: Oil fields | BJ62: =B62 -> 0 | BK62: =C62 -> 0 | BL62: =D62 -> 50000 | BM62: 0 | BN62: =F62 -> 0 | BO62: =G62 -> 0 | BP62: =H62 -> 0 | BQ62: =I62 -> 0 | BR62: =BF82 -> 2575 | BS62: =K62 -> 0 | BT62: =L62 -> 0 | BU62: =M62 -> 0 | BV62: =N62 -> 0 | BW62: =O62 -> 0 | CX62: Oil fields | CY62: 0 | CZ62: 0 | DA62: 53000 | DB62: 0 | DC62: 0 | DD62: 0 | DE62: 0 | DF62: 0 | DG62: 952.39354 | DH62: 0 | DI62: 0 | DJ62: 0 | DK62: 0 | DL62: 0 | FF62: Oil fields | FG62: =CY62 -> 0 | FH62: =CZ62 -> 0 | FI62: =DA62 -> 53000 | FJ62: =FC82 -> 1775.6065 | FK62: =DC62 -> 0 | FL62: =DD62 -> 0 | FM62: =DE62 -> 0 | FN62: =DF62 -> 0 | FO62: =DG62 -> 952.39354 | FP62: =DH62 -> 0 | FQ62: =DI62 -> 0 | FR62: =DJ62 -> 0 | ... FT62: =DL62 -> 0 | GU62: Oil fields | GV62: =FG62-X_Final_2000!B61 -> 0 | GW62: =FH62-X_Final_2000!C61 -> 0 | GX62: =FI62-X_Final_2000!D61 -> 0 | GY62: =FJ62-X_Final_2000!E61 -> 0 | GZ62: =FK62-X_Final_2000!F61 -> 0 | HA62: =FL62-X_Final_2000!G61 -> 0 | HB62: =FM62-X_Final_2000!H61 -> 0 | HC62: =FN62-X_Final_2000!I61 -> 0 | ... HI62: =FT62-X_Final_2000!O61 -> 0
A63: Oil refineries | B63: 0 | C63: 0 | D63: 0 | E63: 0 | F63: 20500 | G63: 0 | H63: 0 | I63: 0 | J63: 0 | K63: 0 | L63: 0 | M63: 0 | N63: 26500 | O63: 0 | BI63: Oil refineries | BJ63: =B63 -> 0 | BK63: =C63 -> 0 | BL63: =D63 -> 0 | BM63: 0 | BN63: =F63 -> 20500 | BO63: =G63 -> 0 | BP63: =H63 -> 0 | BQ63: =I63 -> 0 | BR63: =BF83 -> 5075 | BS63: =K63 -> 0 | BT63: =L63 -> 0 | BU63: =M63 -> 0 | BV63: =N63 -> 26500 | BW63: =O63 -> 0 | CX63: Oil refineries | CY63: 0 | CZ63: 0 | DA63: 0 | DB63: 0 | DC63: 21730 | DD63: 0 | DE63: 0 | DF63: 0 | DG63: 1877.0475 | DH63: 0 | DI63: 0 | DJ63: 0 | DK63: 28090 | DL63: 0 | FF63: Oil refineries | FG63: =CY63 -> 0 | FH63: =CZ63 -> 0 | FI63: =DA63 -> 0 | FJ63: =FC83 -> 3497.9525 | FK63: =DC63 -> 21730 | FL63: =DD63 -> 0 | FM63: =DE63 -> 0 | FN63: =DF63 -> 0 | FO63: =DG63 -> 1877.0475 | FP63: =DH63 -> 0 | FQ63: =DI63 -> 0 | FR63: =DJ63 -> 0 | ... FT63: =DL63 -> 0 | GU63: Oil refineries | GV63: =FG63-X_Final_2000!B62 -> 0 | GW63: =FH63-X_Final_2000!C62 -> 0 | GX63: =FI63-X_Final_2000!D62 -> 0 | GY63: =FJ63-X_Final_2000!E62 -> 0 | GZ63: =FK63-X_Final_2000!F62 -> 0 | HA63: =FL63-X_Final_2000!G62 -> 0 | HB63: =FM63-X_Final_2000!H62 -> 0 | HC63: =FN63-X_Final_2000!I62 -> 0 | ... HI63: =FT63-X_Final_2000!O62 -> 0
A64: Petrol dist. | B64: 0 | C64: 0 | D64: 0 | E64: 0 | F64: 0 | G64: 0 | H64: 0 | I64: 0 | J64: 0 | K64: 0 | L64: 0 | M64: 0 | N64: 0 | O64: 26500 | BI64: Petrol dist. | BJ64: =B64 -> 0 | BK64: =C64 -> 0 | BL64: =D64 -> 0 | BM64: 0 | BN64: =F64 -> 0 | BO64: =G64 -> 0 | BP64: =H64 -> 0 | BQ64: =I64 -> 0 | BR64: =BF84 -> 750 | BS64: =K64 -> 0 | BT64: =L64 -> 0 | BU64: =M64 -> 0 | BV64: =N64 -> 0 | BW64: =O64 -> 26500 | CX64: Petrol dist. | CY64: 0 | CZ64: 0 | DA64: 0 | DB64: 0 | DC64: 0 | DD64: 0 | DE64: 0 | DF64: 0 | DG64: 277.39618 | DH64: 0 | DI64: 0 | DJ64: 0 | DK64: 0 | DL64: 28090 | FF64: Petrol dist. | FG64: =CY64 -> 0 | FH64: =CZ64 -> 0 | FI64: =DA64 -> 0 | FJ64: =FC84 -> 517.60382 | FK64: =DC64 -> 0 | FL64: =DD64 -> 0 | FM64: =DE64 -> 0 | FN64: =DF64 -> 0 | FO64: =DG64 -> 277.39618 | FP64: =DH64 -> 0 | FQ64: =DI64 -> 0 | FR64: =DJ64 -> 0 | ... FT64: =DL64 -> 28090 | GU64: Petrol dist. | GV64: =FG64-X_Final_2000!B63 -> 0 | GW64: =FH64-X_Final_2000!C63 -> 0 | GX64: =FI64-X_Final_2000!D63 -> 0 | GY64: =FJ64-X_Final_2000!E63 -> 0 | GZ64: =FK64-X_Final_2000!F63 -> 0 | HA64: =FL64-X_Final_2000!G63 -> 0 | HB64: =FM64-X_Final_2000!H63 -> 0 | HC64: =FN64-X_Final_2000!I63 -> 0 | ... HI64: =FT64-X_Final_2000!O63 -> 0
A65: Power plants | B65: 0 | C65: 0 | D65: 0 | E65: 0 | F65: 0 | G65: 0 | H65: 6400 | I65: 0 | J65: 0 | K65: 0 | L65: 0 | M65: 0 | N65: 0 | O65: 0 | BI65: Power plants | BJ65: =B65 -> 0 | BK65: =C65 -> 0 | BL65: =D65 -> 0 | BM65: 0 | BN65: =F65 -> 0 | BO65: =G65 -> 0 | BP65: =H65 -> 6400 | BQ65: =I65 -> 0 | BR65: =BF85 -> 9700 | BS65: =K65 -> 0 | BT65: =L65 -> 0 | BU65: =M65 -> 0 | BV65: =N65 -> 0 | BW65: =O65 -> 0 | CX65: Power plants | CY65: 0 | CZ65: 0 | DA65: 0 | DB65: 0 | DC65: 0 | DD65: 0 | DE65: 6400 | DF65: 0 | DG65: 3587.6572 | DH65: 0 | DI65: 0 | DJ65: 0 | DK65: 0 | DL65: 0 | FF65: Power plants | FG65: =CY65 -> 0 | FH65: =CZ65 -> 0 | FI65: =DA65 -> 0 | FJ65: =FC85 -> 6752.3428 | FK65: =DC65 -> 0 | FL65: =DD65 -> 0 | FM65: =DE65 -> 6400 | FN65: =DF65 -> 0 | FO65: =DG65 -> 3587.6572 | FP65: =DH65 -> 0 | FQ65: =DI65 -> 0 | FR65: =DJ65 -> 0 | ... FT65: =DL65 -> 0 | GU65: Power plants | GV65: =FG65-X_Final_2000!B64 -> 0 | GW65: =FH65-X_Final_2000!C64 -> 0 | GX65: =FI65-X_Final_2000!D64 -> 0 | GY65: =FJ65-X_Final_2000!E64 -> 0 | GZ65: =FK65-X_Final_2000!F64 -> 0 | HA65: =FL65-X_Final_2000!G64 -> 0 | HB65: =FM65-X_Final_2000!H64 -> 0 | HC65: =FN65-X_Final_2000!I64 -> 0 | ... HI65: =FT65-X_Final_2000!O64 -> 0
B66: V | BJ66: V | CY66: V | FG66: V | GV66: V_Excel – V_Recca
BJ67: Now includes waste heat | CY67: Now in exergy terms | FG67: Now includes destroyed exergy
B69: Crude | C69: Crude [from Dist.] | D69: Crude [from Fields] | E69: Destroyed exergy | F69: Diesel | G69: Diesel [from Dist.] | H69: Elect | I69: Elect [from Grid] | J69: MTH.200.C -> Transformation losses | K69: NG | L69: NG [from Dist.] | M69: NG [from Wells] | N69: Petrol | O69: Petrol [from Dist.] | BJ69: =BJ56 -> Crude | BK69: =BK56 -> Crude [from Dist.] | BL69: =BL56 -> Crude [from Fields] | BM69: Destroyed exergy | BN69: =BN56 -> Diesel | BO69: =BO56 -> Diesel [from Dist.] | BP69: =BP56 -> Elect | BQ69: =BQ56 -> Elect [from Grid] | BR69: =BR56 -> MTH.200.C -> Transformation losses | BS69: =BS56 -> NG | BT69: =BT56 -> NG [from Dist.] | BU69: =BU56 -> NG [from Wells] | ... BW69: =BW56 -> Petrol [from Dist.] | CY69: Crude | CZ69: Crude [from Dist.] | DA69: Crude [from Fields] | DB69: Destroyed exergy | DC69: Diesel | DD69: Diesel [from Dist.] | DE69: Elect | DF69: Elect [from Grid] | DG69: MTH.200.C -> Transformation losses | DH69: NG | DI69: NG [from Dist.] | DJ69: NG [from Wells] | DK69: Petrol | DL69: Petrol [from Dist.] | FG69: Crude | FH69: Crude [from Dist.] | FI69: Crude [from Fields] | FJ69: Destroyed exergy | FK69: Diesel | FL69: Diesel [from Dist.] | FM69: Elect | FN69: Elect [from Grid] | FO69: MTH.200.C -> Transformation losses | FP69: NG | FQ69: NG [from Dist.] | FR69: NG [from Wells] | FS69: Petrol | FT69: Petrol [from Dist.] | GV69: Crude | GW69: Crude [from Dist.] | GX69: Crude [from Fields] | GY69: Destroyed exergy | GZ69: Diesel | HA69: Diesel [from Dist.] | HB69: Elect | HC69: Elect [from Grid] | HD69: MTH.200.C -> Transformation losses | HE69: NG | HF69: NG [from Dist.] | HG69: NG [from Wells] | HH69: Petrol | HI69: Petrol [from Dist.]
A70: Resources [of Crude] | B70: 50000 | C70: 0 | D70: 0 | E70: 0 | F70: 0 | G70: 0 | H70: 0 | I70: 0 | J70: 0 | K70: 0 | L70: 0 | M70: 0 | N70: 0 | O70: 0 | BI70: Resources [of Crude] | BJ70: =B70 -> 50000 | BK70: =C70 -> 0 | BL70: =D70 -> 0 | BM70: 0 | BN70: =F70 -> 0 | BO70: =G70 -> 0 | BP70: =H70 -> 0 | BQ70: =I70 -> 0 | BR70: 0 | BS70: =K70 -> 0 | BT70: =L70 -> 0 | BU70: =M70 -> 0 | BV70: =N70 -> 0 | BW70: =O70 -> 0 | CX70: Resources [of Crude] | CY70: {=MMULT(BJ70:BW71, CY39:DL52)} -> 53000 | CZ70: 0 | DA70: 0 | DB70: 0 | DC70: 0 | DD70: 0 | DE70: 0 | DF70: 0 | DG70: 0 | DH70: 0 | DI70: 0 | DJ70: 0 | DK70: 0 | DL70: 0 | FF70: Resources [of Crude] | FG70: =CY70 -> 53000 | FH70: =CZ70 -> 0 | FI70: =DA70 -> 0 | FJ70: =DB70 -> 0 | FK70: =DC70 -> 0 | FL70: =DD70 -> 0 | FM70: =DE70 -> 0 | FN70: =DF70 -> 0 | ... FT70: =DL70 -> 0 | GU70: Resources [of Crude] | GV70: =FG70-X_Final_2000!B69 -> 0 | GW70: =FH70-X_Final_2000!C69 -> 0 | GX70: =FI70-X_Final_2000!D69 -> 0 | GY70: =FJ70-X_Final_2000!E69 -> 0 | GZ70: =FK70-X_Final_2000!F69 -> 0 | HA70: =FL70-X_Final_2000!G69 -> 0 | HB70: =FM70-X_Final_2000!H69 -> 0 | HC70: =FN70-X_Final_2000!I69 -> 0 | ... HI70: =FT70-X_Final_2000!O69 -> 0
A71: Resources [of NG] | B71: 0 | C71: 0 | D71: 0 | E71: 0 | F71: 0 | G71: 0 | H71: 0 | I71: 0 | J71: 0 | K71: 43000 | L71: 0 | M71: 0 | N71: 0 | O71: 0 | BI71: Resources [of NG] | BJ71: =B71 -> 0 | BK71: =C71 -> 0 | BL71: =D71 -> 0 | BM71: 0 | BN71: =F71 -> 0 | BO71: =G71 -> 0 | BP71: =H71 -> 0 | BQ71: =I71 -> 0 | BR71: 0 | BS71: =K71 -> 43000 | BT71: =L71 -> 0 | BU71: =M71 -> 0 | BV71: =N71 -> 0 | BW71: =O71 -> 0 | CX71: Resources [of NG] | CY71: 0 | CZ71: 0 | DA71: 0 | DB71: 0 | DC71: 0 | DD71: 0 | DE71: 0 | DF71: 0 | DG71: 0 | DH71: 44720 | DI71: 0 | DJ71: 0 | DK71: 0 | DL71: 0 | FF71: Resources [of NG] | FG71: =CY71 -> 0 | FH71: =CZ71 -> 0 | FI71: =DA71 -> 0 | FJ71: =DB71 -> 0 | FK71: =DC71 -> 0 | FL71: =DD71 -> 0 | FM71: =DE71 -> 0 | FN71: =DF71 -> 0 | ... FT71: =DL71 -> 0 | GU71: Resources [of NG] | GV71: =FG71-X_Final_2000!B70 -> 0 | GW71: =FH71-X_Final_2000!C70 -> 0 | GX71: =FI71-X_Final_2000!D70 -> 0 | GY71: =FJ71-X_Final_2000!E70 -> 0 | GZ71: =FK71-X_Final_2000!F70 -> 0 | HA71: =FL71-X_Final_2000!G70 -> 0 | HB71: =FM71-X_Final_2000!H70 -> 0 | HC71: =FN71-X_Final_2000!I70 -> 0 | ... HI71: =FT71-X_Final_2000!O70 -> 0
B72: R | BJ72: R | CY72: R | FG72: R | GV72: R_Excel – R_Recca
BJ73: Unchanged | CY73: Now in exergy terms | FG73: Unchanged
AQ76: Crude | AR76: Crude [from Dist.] | AS76: Crude [from Fields] | AT76: Destroyed exergy | AU76: Diesel | AV76: Diesel [from Dist.] | AW76: Elect | AX76: Elect [from Grid] | AY76: MTH.200.C -> Transformation losses | AZ76: NG | BA76: NG [from Dist.] | BB76: NG [from Wells] | BC76: Petrol | BD76: Petrol [from Dist.] | BJ76: Crude | BK76: Crude [from Dist.] | BL76: Crude [from Fields] | BM76: Destroyed exergy | BN76: Diesel | BO76: Diesel [from Dist.] | BP76: Elect | BQ76: Elect [from Grid] | BR76: MTH.200.C -> Transformation losses | BS76: NG | BT76: NG [from Dist.] | BU76: NG [from Wells] | BV76: Petrol | BW76: Petrol [from Dist.] | EN76: Crude | EO76: Crude [from Dist.] | EP76: Crude [from Fields] | EQ76: Destroyed exergy | ER76: Diesel | ES76: Diesel [from Dist.] | ET76: Elect | EU76: Elect [from Grid] | EV76: MTH.200.C -> Transformation losses | EW76: NG | EX76: NG [from Dist.] | EY76: NG [from Wells] | EZ76: Petrol | FA76: Petrol [from Dist.] | FG76: Crude | FH76: Crude [from Dist.] | FI76: Crude [from Fields] | FJ76: Destroyed exergy | FK76: Diesel | FL76: Diesel [from Dist.] | FM76: Elect | FN76: Elect [from Grid] | FO76: MTH.200.C -> Transformation losses | FP76: NG | FQ76: NG [from Dist.] | FR76: NG [from Wells] | FS76: Petrol | FT76: Petrol [from Dist.]
AP77: Crude dist. | AQ77: {=TRANSPOSE(S39:AA52) - B57:O65} -> 0 | AR77: -47000 | AS77: 47500 | AT77: 0 | AU77: 0 | AV77: 25 | AW77: 0 | AX77: 25 | AY77: 0 | AZ77: 0 | BA77: 0 | BB77: 0 | BC77: 0 | BD77: 0 | BF77: =SUM(AQ77:BD77) -> 550 | BI77: Crude dist. | BJ77: {=TRANSPOSE(CA39:CI52)-BJ57:BW65} -> 0 | BK77: -47000 | BL77: 47500 | BM77: 0 | BN77: 0 | BO77: 25 | BP77: 0 | BQ77: 25 | BR77: -550 | BS77: 0 | BT77: 0 | BU77: 0 | BV77: 0 | BW77: 0 | BY77: =SUM(BJ77:BW77) -> 0 | EM77: Crude dist. | EN77: {=TRANSPOSE(DP39:DX52) - CY57:DL65} -> 0 | EO77: -49820 | EP77: 50350 | EQ77: 0 | ER77: 0 | ES77: 26.5 | ET77: 0 | EU77: 25 | EV77: -203.42386 | EW77: 0 | EX77: 0 | EY77: 0 | EZ77: 0 | FA77: 0 | FC77: =SUM(EN77:FA77) -> 378.07614 | FF77: Crude dist. | FG77: {=TRANSPOSE(FX39:GF52) - FG57:FT65} -> 0 | FH77: -49820 | FI77: 50350 | FJ77: -378.07614 | FK77: 0 | FL77: 26.5 | FM77: 0 | FN77: 25 | FO77: -203.42386 | FP77: 0 | FQ77: 0 | FR77: 0 | FS77: 0 | FT77: 0 | FV77: =SUM(FG77:FT77) -> 0
AP78: Diesel dist. | AQ78: 0 | AR78: 0 | AS78: 0 | AT78: 0 | AU78: 15500 | AV78: -15150 | AW78: 0 | AX78: 0 | AY78: 0 | AZ78: 0 | BA78: 0 | BB78: 0 | BC78: 0 | BD78: 0 | BF78: =SUM(AQ78:BD78) -> 350 | BI78: Diesel dist. | BJ78: 0 | BK78: 0 | BL78: 0 | BM78: 0 | BN78: 15500 | BO78: -15150 | BP78: 0 | BQ78: 0 | BR78: -350 | BS78: 0 | BT78: 0 | BU78: 0 | BV78: 0 | BW78: 0 | BY78: =SUM(BJ78:BW78) -> 0 | EM78: Diesel dist. | EN78: 0 | EO78: 0 | EP78: 0 | EQ78: 0 | ER78: 16430 | ES78: -16059 | ET78: 0 | EU78: 0 | EV78: -129.45155 | EW78: 0 | EX78: 0 | EY78: 0 | EZ78: 0 | FA78: 0 | FC78: =SUM(EN78:FA78) -> 241.54845 | FF78: Diesel dist. | FG78: 0 | FH78: 0 | FI78: 0 | FJ78: -241.54845 | FK78: 16430 | FL78: -16059 | FM78: 0 | FN78: 0 | FO78: -129.45155 | FP78: 0 | FQ78: 0 | FR78: 0 | FS78: 0 | FT78: 0 | FV78: =SUM(FG78:FT78) -> -3.9790393e-13
AP79: Elect. grid | AQ79: 0 | AR79: 0 | AS79: 0 | AT79: 0 | AU79: 0 | AV79: 0 | AW79: 6400 | AX79: -6275 | AY79: 0 | AZ79: 0 | BA79: 0 | BB79: 0 | BC79: 0 | BD79: 0 | BF79: =SUM(AQ79:BD79) -> 125 | BI79: Elect. grid | BJ79: 0 | BK79: 0 | BL79: 0 | BM79: 0 | BN79: 0 | BO79: 0 | BP79: 6400 | BQ79: -6275 | BR79: -125 | BS79: 0 | BT79: 0 | BU79: 0 | BV79: 0 | BW79: 0 | BY79: =SUM(BJ79:BW79) -> 0 | EM79: Elect. grid | EN79: 0 | EO79: 0 | EP79: 0 | EQ79: 0 | ER79: 0 | ES79: 0 | ET79: 6400 | EU79: -6275 | EV79: -46.232696 | EW79: 0 | EX79: 0 | EY79: 0 | EZ79: 0 | FA79: 0 | FC79: =SUM(EN79:FA79) -> 78.767304 | FF79: Elect. grid | FG79: 0 | FH79: 0 | FI79: 0 | FJ79: -78.767304 | FK79: 0 | FL79: 0 | FM79: 6400 | FN79: -6275 | FO79: -46.232696 | FP79: 0 | FQ79: 0 | FR79: 0 | FS79: 0 | FT79: 0 | FV79: =SUM(FG79:FT79) -> 1.2079227e-13
AP80: Gas wells & proc. | AQ80: 0 | AR80: 0 | AS80: 0 | AT80: 0 | AU80: 0 | AV80: 50 | AW80: 0 | AX80: 25 | AY80: 0 | AZ80: 43000 | BA80: 0 | BB80: -41000 | BC80: 0 | BD80: 0 | BF80: =SUM(AQ80:BD80) -> 2075 | BI80: Gas wells & proc. | BJ80: 0 | BK80: 0 | BL80: 0 | BM80: 0 | BN80: 0 | BO80: 50 | BP80: 0 | BQ80: 25 | BR80: -2075 | BS80: 43000 | BT80: 0 | BU80: -41000 | BV80: 0 | BW80: 0 | BY80: =SUM(BJ80:BW80) -> 0 | EM80: Gas wells & proc. | EN80: 0 | EO80: 0 | EP80: 0 | EQ80: 0 | ER80: 0 | ES80: 53 | ET80: 0 | EU80: 25 | EV80: -767.46276 | EW80: 44720 | EX80: 0 | EY80: -42640 | EZ80: 0 | FA80: 0 | FC80: =SUM(EN80:FA80) -> 1390.5372 | FF80: Gas wells & proc. | FG80: 0 | FH80: 0 | FI80: 0 | FJ80: -1390.5372 | FK80: 0 | FL80: 53 | FM80: 0 | FN80: 25 | FO80: -767.46276 | FP80: 44720 | FQ80: 0 | FR80: -42640 | FS80: 0 | FT80: 0 | FV80: =SUM(FG80:FT80) -> 0
AP81: NG dist. | AQ81: 0 | AR81: 0 | AS81: 0 | AT81: 0 | AU81: 0 | AV81: 25 | AW81: 0 | AX81: 25 | AY81: 0 | AZ81: 0 | BA81: -41000 | BB81: 41000 | BC81: 0 | BD81: 0 | BF81: =SUM(AQ81:BD81) -> 50 | BI81: NG dist. | BJ81: 0 | BK81: 0 | BL81: 0 | BM81: 0 | BN81: 0 | BO81: 25 | BP81: 0 | BQ81: 25 | BR81: -50 | BS81: 0 | BT81: -41000 | BU81: 41000 | BV81: 0 | BW81: 0 | BY81: =SUM(BJ81:BW81) -> 0 | EM81: NG dist. | EN81: 0 | EO81: 0 | EP81: 0 | EQ81: 0 | ER81: 0 | ES81: 26.5 | ET81: 0 | EU81: 25 | EV81: -18.493078 | EW81: 0 | EX81: -42640 | EY81: 42640 | EZ81: 0 | FA81: 0 | FC81: =SUM(EN81:FA81) -> 33.006921 | FF81: NG dist. | FG81: 0 | FH81: 0 | FI81: 0 | FJ81: -33.006921 | FK81: 0 | FL81: 26.5 | FM81: 0 | FN81: 25 | FO81: -18.493078 | FP81: 0 | FQ81: -42640 | FR81: 42640 | FS81: 0 | FT81: 0 | FV81: =SUM(FG81:FT81) -> 0
AP82: Oil fields | AQ82: 50000 | AR82: 0 | AS82: -47500 | AT82: 0 | AU82: 0 | AV82: 50 | AW82: 0 | AX82: 25 | AY82: 0 | AZ82: 0 | BA82: 0 | BB82: 0 | BC82: 0 | BD82: 0 | BF82: =SUM(AQ82:BD82) -> 2575 | BI82: Oil fields | BJ82: 50000 | BK82: 0 | BL82: -47500 | BM82: 0 | BN82: 0 | BO82: 50 | BP82: 0 | BQ82: 25 | BR82: -2575 | BS82: 0 | BT82: 0 | BU82: 0 | BV82: 0 | BW82: 0 | BY82: =SUM(BJ82:BW82) -> 0 | EM82: Oil fields | EN82: 53000 | EO82: 0 | EP82: -50350 | EQ82: 0 | ER82: 0 | ES82: 53 | ET82: 0 | EU82: 25 | EV82: -952.39354 | EW82: 0 | EX82: 0 | EY82: 0 | EZ82: 0 | FA82: 0 | FC82: =SUM(EN82:FA82) -> 1775.6065 | FF82: Oil fields | FG82: 53000 | FH82: 0 | FI82: -50350 | FJ82: -1775.6065 | FK82: 0 | FL82: 53 | FM82: 0 | FN82: 25 | FO82: -952.39354 | FP82: 0 | FQ82: 0 | FR82: 0 | FS82: 0 | FT82: 0 | FV82: =SUM(FG82:FT82) -> 1.1368684e-13
AP83: Oil refineries | AQ83: 0 | AR83: 47000 | AS83: 0 | AT83: 0 | AU83: -15500 | AV83: 0 | AW83: 0 | AX83: 75 | AY83: 0 | AZ83: 0 | BA83: 0 | BB83: 0 | BC83: -26500 | BD83: 0 | BF83: =SUM(AQ83:BD83) -> 5075 | BI83: Oil refineries | BJ83: 0 | BK83: 47000 | BL83: 0 | BM83: 0 | BN83: -15500 | BO83: 0 | BP83: 0 | BQ83: 75 | BR83: -5075 | BS83: 0 | BT83: 0 | BU83: 0 | BV83: -26500 | BW83: 0 | BY83: =SUM(BJ83:BW83) -> 0 | EM83: Oil refineries | EN83: 0 | EO83: 49820 | EP83: 0 | EQ83: 0 | ER83: -16430 | ES83: 0 | ET83: 0 | EU83: 75 | EV83: -1877.0475 | EW83: 0 | EX83: 0 | EY83: 0 | EZ83: -28090 | FA83: 0 | FC83: =SUM(EN83:FA83) -> 3497.9525 | FF83: Oil refineries | FG83: 0 | FH83: 49820 | FI83: 0 | FJ83: -3497.9525 | FK83: -16430 | FL83: 0 | FM83: 0 | FN83: 75 | FO83: -1877.0475 | FP83: 0 | FQ83: 0 | FR83: 0 | FS83: -28090 | FT83: 0 | FV83: =SUM(FG83:FT83) -> 3.6379788e-12
AP84: Petrol dist. | AQ84: 0 | AR84: 0 | AS84: 0 | AT84: 0 | AU84: 0 | AV84: 250 | AW84: 0 | AX84: 0 | AY84: 0 | AZ84: 0 | BA84: 0 | BB84: 0 | BC84: 26500 | BD84: -26000 | BF84: =SUM(AQ84:BD84) -> 750 | BI84: Petrol dist. | BJ84: 0 | BK84: 0 | BL84: 0 | BM84: 0 | BN84: 0 | BO84: 250 | BP84: 0 | BQ84: 0 | BR84: -750 | BS84: 0 | BT84: 0 | BU84: 0 | BV84: 26500 | BW84: -26000 | BY84: =SUM(BJ84:BW84) -> 0 | EM84: Petrol dist. | EN84: 0 | EO84: 0 | EP84: 0 | EQ84: 0 | ER84: 0 | ES84: 265 | ET84: 0 | EU84: 0 | EV84: -277.39618 | EW84: 0 | EX84: 0 | EY84: 0 | EZ84: 28090 | FA84: -27560 | FC84: =SUM(EN84:FA84) -> 517.60382 | FF84: Petrol dist. | FG84: 0 | FH84: 0 | FI84: 0 | FJ84: -517.60382 | FK84: 0 | FL84: 265 | FM84: 0 | FN84: 0 | FO84: -277.39618 | FP84: 0 | FQ84: 0 | FR84: 0 | FS84: 28090 | FT84: -27560 | FV84: =SUM(FG84:FT84) -> 0
AP85: Power plants | AQ85: 0 | AR85: 0 | AS85: 0 | AT85: 0 | AU85: 0 | AV85: 0 | AW85: -6400 | AX85: 100 | AY85: 0 | AZ85: 0 | BA85: 16000 | BB85: 0 | BC85: 0 | BD85: 0 | BF85: =SUM(AQ85:BD85) -> 9700 | BI85: Power plants | BJ85: 0 | BK85: 0 | BL85: 0 | BM85: 0 | BN85: 0 | BO85: 0 | BP85: -6400 | BQ85: 100 | BR85: -9700 | BS85: 0 | BT85: 16000 | BU85: 0 | BV85: 0 | BW85: 0 | BY85: =SUM(BJ85:BW85) -> 0 | EM85: Power plants | EN85: 0 | EO85: 0 | EP85: 0 | EQ85: 0 | ER85: 0 | ES85: 0 | ET85: -6400 | EU85: 100 | EV85: -3587.6572 | EW85: 0 | EX85: 16640 | EY85: 0 | EZ85: 0 | FA85: 0 | FC85: =SUM(EN85:FA85) -> 6752.3428 | FF85: Power plants | FG85: 0 | FH85: 0 | FI85: 0 | FJ85: -6752.3428 | FK85: 0 | FL85: 0 | FM85: -6400 | FN85: 100 | FO85: -3587.6572 | FP85: 0 | FQ85: 16640 | FR85: 0 | FS85: 0 | FT85: 0 | FV85: =SUM(FG85:FT85) -> 0
AQ86: UT – V | BF86: (UT – V)i | BJ86: UT – V | BY86: (UT – V)i | EN86: UT – V | FC86: (UT – V)i | FG86: UT – V | FV86: (UT – V)i
AQ87: Intra-industry balance gives transformation losses | BF87: Transformation losses | BJ87: Verifies that itra-industry balance is observed after endogenizing losses | BY87: Energy losses | EN87: Intra-industry balance gives destroyed exergy | FC87: Destroyed exergy | FG87: Verifies that itra-industry balance is observed after endogenizing Destroyed exergy
